PlayerPosition,Name + ID,Name,ID,Roster Position,Salary,Game Info,TeamAbbrev,AvgPointsPerGame,game_date,pos,opp_team,rolling_mins,min,pts,ast,reb,fg3m,fg3_rate,usage_percentage,rolling_pts,rolling_usg,rolling_ast,rolling_reb,rolling_fg3m,rolling_dfs,dfs_points,rolling_max_pts,rolling_min_pts,rolling_max_ast,rolling_min_ast,rolling_max_dfs,rolling_min_dfs,rolling_max_reb,rolling_min_reb,rolling_max_fg3m,rolling_min_fg3m,rolling_sd_dfs,rolling_sd_pts,rolling_sd_ast,rolling_sd_reb,rolling_sd_fg3m,rolling_fg3_rate,rolling_max_fg3_rate,rolling_min_fg3_rate,current_pts,current_usg,current_ast,current_reb,current_3s,current_dfs,current_mins,current_fg3_rate,prev_game_date,ppm,days_rest,Opponent,opp_rolling_dfs,opp_rolling_mins,opp_rolling_pts,opp_rolling_ast,opp_rolling_reb,opp_rolling_fg3m,pts_line,est_mins,est_dfs,est_pts,est_ast,est_reb,est_fg3m
PF,Amir Coffey (32581642),Amir Coffey,32581642,SF/PF/F/UTIL,4200,LAC@ATL 02/05/2024 07:30PM ET,LAC,10.10,2024-02-04,NA,NA,23,22,5,0,3,1,0.3333333333333333,0.0643730777483728,12.25,0.15398443878857807,0.5,2.25,1.5,20.8125,13.25,17,5,1,0,29,13.25,4,1,2,0,5.755432216610669,4.54972526643093,0.5477225575051662,1.3416407864998738,0.8366600265340756,NA,NA,NA,13.5,0.17640468286499839,0.75,2.25,1.25,22.3125,24,NA,2024-02-02,0.5625,1,ATL,-0.7893470568962329,-0.9656768763527221,-0.9679435738025597,0.8250941469245613,-0.662831527854306,-1.0588421056549553,NA,23.823609774481255,6.251544431809041,5.639033488661573,0.266893341918229,2.612559645888159,NA
SF,Andrew Wiggins (32581527),Andrew Wiggins,32581527,SF/PF/F/UTIL,5400,GSW@BKN 02/05/2024 07:30PM ET,GSW,21.53,2024-02-03,PF,ATL,32,19,2,0,4,0,0.3333333333333333,0.12662275372513906,14,0.14783504879689763,1.75,4,1.25,27.875,11,23,2,4,0,43.25,11,5,2,3,0,13.6754798818908,8.96102672688794,2.04939015319192,1.224744871391589,1.140175425099138,NA,NA,NA,17.75,0.1591932594146253,2.75,4,1.75,32.125,34.75,NA,2024-02-02,0.5107913669064749,0,BKN,-1.3467253588689174,-1.5222762127127778,-1.5388876339247888,-1.2104065518143234,-0.24255637544740466,-1.5528613988050863,NA,33.355797104860606,-2.1593216458265942,2.5157681298141257,0.2657563867748975,2.7615220761016426,NA
C,Anthony Davis (32581336),Anthony Davis,32581336,PF/C/F/UTIL,9900,LAL@CHA 02/05/2024 07:00PM ET,LAL,53.58,2024-02-03,PF,NYK,36,36,12,5,18,0,0.08333333333333333,0.1893751720341316,21.5,0.2614599124274317,4,12.25,0.75,50.1875,53.5,29,12,6,2,58.25,40.75,18,7,3,0,6.897916352058787,6.4265076052238514,1.816590212458495,3.96232255123179,1.3416407864998738,NA,NA,NA,25,0.28404261350646676,3.25,10.75,0.75,48.0625,35.75,NA,2024-01-29,0.6993006993006993,4,CHA,-0.4451323660732578,-1.1265104609010803,-0.32616574899810685,-0.07294327385855369,-0.8864347423726326,0.1287075483982515,26.5,34.11896486833818,17.577063362699825,14.631799001459571,5.046103411208477,11.912191121840811,NA
SG,Austin Reaves (32581436),Austin Reaves,32581436,PG/SG/G/UTIL,6800,LAL@CHA 02/05/2024 07:00PM ET,LAL,30.52,2024-02-03,PG,NYK,33.25,38,22,7,6,3,0.46153846153846156,0.22843235255769484,22.5,0.23423433609954436,5.25,2.75,3.5,37.4375,45,32,8,7,3,45,20.75,6,0,7,1,10.201715542005667,9.423375191511797,1.51657508881031,2.1908902300206643,2.449489742783178,NA,NA,NA,21.25,0.22940344221643333,5,1.75,3,33.8125,35.25,NA,2024-02-01,0.6028368794326241,1,CHA,0.9697773938886464,-0.02943509836164261,0.6491831283513495,0.7876256358267297,0.5210921547848948,-0.6502264280823786,15.5,34.31707939144585,14.31094113180624,15.801672926590147,4.543899290763981,4.431646698755019,NA
C,Ben Simmons (32581499),Ben Simmons,32581499,C/UTIL,5800,GSW@BKN 02/05/2024 07:30PM ET,BKN,31.5,2024-02-03,PF,PHI,24,13,0,5,9,0,NA,0.03207355535361095,5,0.08988938054363468,6.5,10.25,0,28.3125,18.25,10,0,11,4,40.5,18.25,15,8,0,0,8.086253767969442,4.147288270665545,2.7748873851023217,2.792848008753788,0,NA,NA,NA,6,0.11437876868537074,6.5,10.75,0,30.0625,29,NA,2024-01-29,0.20689655172413793,4,GSW,1.254524175113159,1.3592102817612894,1.3311124870321034,0.7497252283055916,0.5266123846660072,1.4157830323807865,NA,26.528442220798393,-7.958909973268344,1.3472679898346387,6.860936322848693,10.19066644206662,NA
SG,Bogdan Bogdanovic (32581483),Bogdan Bogdanovic,32581483,SG/G/UTIL,5900,LAC@ATL 02/05/2024 07:30PM ET,ATL,29.15,2024-02-03,PF,GSW,33.25,37,13,4,4,2,0.625,0.19983580177990873,19.5,0.2059144078009759,3,3.25,3.5,31.8125,28,24,13,5,1,39.5,22.25,4,1,4,2,7.550662222613325,4.827007354458868,1.6431676725154984,1.3416407864998738,0.8944271909999159,NA,NA,NA,22.25,0.24706233868415056,2.5,3.25,4,34.3125,30.75,NA,2024-02-02,0.7235772357723578,0,LAC,-0.8754614605035214,-0.3483829157228875,-0.7201440621819439,-0.29107817623993654,-0.6823176405450372,-0.9962723137923652,NA,30.96409491850278,13.71825726111021,14.528502410319776,3.6971111884418177,2.3223717577294374,NA
SG,Brandin Podziemski (32581510),Brandin Podziemski,32581510,PG/SG/G/UTIL,5700,GSW@BKN 02/05/2024 07:30PM ET,GSW,24,2024-02-03,NA,NA,33.75,38,15,5,11,0,0.16666666666666666,0.14983692524141456,12,0.1537106318389564,6.75,7.75,0.5,34.8125,39.75,15,7,14,2,49.25,13.75,11,3,1,0,14.097428843587046,2.9154759474226504,4.764451699828638,2.863564212655271,0.5477225575051662,NA,NA,NA,10,0.14157355459984242,6,5.75,0.75,28.3125,30.75,NA,2024-02-02,0.3252032520325203,0,BKN,-0.9371743122626746,-1.0259315223335255,-0.43830748866261554,-1.2824375500825766,-0.7821125991821526,-1.0615639903414216,12.5,29.525888574218126,8.49799610168286,14.930708487377759,8.547264840016432,7.899938232054266,NA
SG,Brandon Ingram (32581388),Brandon Ingram,32581388,SG/SF/F/G/UTIL,7700,TOR@NOP 02/05/2024 08:00PM ET,NOP,38.29,2024-02-02,PF,NOP,33.75,36,19,6,4,1,0.13333333333333333,0.2218081557360964,24.25,0.318378237125893,4.25,6.75,1.25,41.8125,38.5,28,12,9,1,49.75,32,10,4,2,0,6.958807369082722,6.418722614352485,2.949576240750525,2.4899799195977463,1,NA,NA,NA,22.5,0.3194115538404045,5,6.75,1,40.1875,33,NA,2024-01-31,0.6818181818181818,1,TOR,0.6250705486044571,0.5653594799606793,0.12963590948996725,-0.011575973923065887,0.9085314059642882,-0.539230577948985,23.5,33.590046624434486,19.22396835755365,17.79140977698921,4.312526110721743,7.007276676403366,NA
SF,Brandon Miller (32581422),Brandon Miller,32581422,SF/F/UTIL,6800,LAL@CHA 02/05/2024 07:00PM ET,CHA,27.23,2024-02-04,SF,IND,36,37,35,1,6,5,0.48,0.36736873909611023,28.25,0.3142390754272048,2.75,4.5,4,44.25,52,35,12,4,1,52,19.25,7,1,5,0,14.36249456048635,8.803408430829505,1.0954451150103321,2.7748873851023217,2.04939015319192,NA,NA,NA,22.5,0.27843956092302413,3.25,3.25,2.75,36.0625,35.75,NA,2024-02-02,0.6293706293706294,1,LAL,1.301879102873992,1.3294086382514314,1.3212443602651425,0.09785686656634562,1.6839029990702958,2.732548831793215,22.5,35.419887094134104,20.07139533954649,24.467313083263846,1.8170836668537993,5.775855932463948,NA
SG,Bruce Brown (32581489),Bruce Brown,32581489,SG/SF/F/G/UTIL,5900,TOR@NOP 02/05/2024 08:00PM ET,TOR,24.33,2024-02-04,PG,OKC,28.75,17,2,2,0,0,0.25,0.1347912221883572,9.25,0.15894326964500194,2.75,5.25,0.75,25.9375,5,19,2,4,2,41.75,5,9,0,1,0,13.462447771486433,6.496152707564686,0.8944271909999159,3.7416573867739413,0.44721359549995793,NA,NA,NA,11,0.16224621220809698,2.75,7.5,1,30.75,32.25,NA,2024-02-02,0.34108527131782945,1,NOP,-0.8410399495621659,-0.9948987617254178,-1.0375660616506817,-0.697229813981633,-0.12463993051409411,-0.7971327003177494,NA,30.79590245152982,-14.708661082871073,7.13827503228128,2.6199353769167937,-0.43742601614068977,NA
PG,CJ McCollum (32581416),CJ McCollum,32581416,PG/G/UTIL,6900,TOR@NOP 02/05/2024 08:00PM ET,NOP,36.4,2024-02-02,PG,NOP,32.75,38,21,4,4,3,0.5882352941176471,0.23253639219914857,15.75,0.22471474807882746,3.25,3,2,27.5,36.5,21,7,4,2,36.5,15.75,6,1,3,1,8.910317053842698,5.612486080160912,0.8366600265340756,2.073644135332772,1,NA,NA,NA,13.5,0.23385852352153355,3,3.5,1.75,25.125,31.75,NA,2024-01-31,0.4251968503937008,1,TOR,0.18818803030040682,0.16663601289158383,-0.25143715951594464,0.6121910656391689,0.4945951302109834,-1.026800882121184,19.5,31.337983719635925,14.191739663351548,16.06607836597555,3.32810162331246,3.9680178674023825,NA
PG,Cam Thomas (32581444),Cam Thomas,32581444,PG/SG/G/UTIL,6600,GSW@BKN 02/05/2024 07:30PM ET,BKN,30.67,2024-02-03,SF,PHI,35.25,36,40,5,3,5,0.4230769230769231,0.3766504517025712,31.75,0.313359304478515,3,3.75,3.25,44.0625,54.25,40,25,5,0,54.25,37,7,2,5,1,7.1967874777570024,7.469939758793239,1.8708286933869707,2.16794833886788,1.7888543819998317,NA,NA,NA,28,0.3285335749942954,2.5,4.5,2.25,40.25,33.25,NA,2024-01-31,0.8421052631578947,2,GSW,-0.21708451817454744,0.5862797909231091,0.20676267559283903,-0.7503809983722446,-1.6492079241926016,0.7300827564892062,24.5,33.544683729191,36.76276292661104,36.45295820258578,2.6549521701806347,3.9878906045137654,NA
SF,Cameron Johnson (32581556),Cameron Johnson,32581556,SF/PF/F/UTIL,5000,GSW@BKN 02/05/2024 07:30PM ET,BKN,26.42,2024-02-03,SF,PHI,27.75,32,13,3,7,2,0.75,0.20118137595552466,13.25,0.1886260684828695,2.5,4.75,2.25,26.5625,31.75,19,5,3,1,32,14.5,7,2,4,1,7.3301602983836585,5.727128425310542,0.8944271909999159,1.9235384061671346,1.140175425099138,NA,NA,NA,14.75,0.20262208067878715,2.25,4.25,2.75,26.1875,26,NA,2024-01-31,0.5673076923076923,2,GSW,0.8335780828662879,1.211947935008054,0.21194082980830073,0.8772478392186621,2.6001458723165145,-0.48981389974194217,14.5,25.740743125256696,7.044466052075748,9.522479741043696,2.0560080910890965,5.884755374536382,NA
PG,Caris LeVert (32581534),Caris LeVert,32581534,PG/SG/G/UTIL,5300,SAC@CLE 02/05/2024 07:00PM ET,CLE,28.90,2024-02-03,SG,SAS,25.25,25,10,6,5,2,0.5,0.18983172216254926,12.5,0.21556255705783828,4,2.25,1.25,24.6875,27.75,16,10,6,3,27.75,22,5,1,2,1,2.2597013076953334,2.3021728866442674,1.3038404810405297,1.8165902124584952,0.44721359549995793,NA,NA,NA,13,0.22558945456844842,3.75,2,1,24.375,25,NA,2024-02-01,0.52,1,SAC,0.3977639029706721,0.326218858058501,-0.06529347650300196,0.4382456957653726,1.954205720443212,0.6363822957633184,NA,25.362706327165885,10.471324469377276,13.23530931635011,5.071010224611203,4.881032973784856,NA
PG,Chris Paul (32581514),Chris Paul,32581514,PG/G/UTIL,5600,GSW@BKN 02/05/2024 07:30PM ET,GSW,27.15,2024-01-05,PG,DET,28.5,23,8,4,6,2,0.8,0.12433027522935781,13.25,0.13875836029852162,5,3.5,3,28.375,24,24,8,6,4,44.5,19,6,2,6,1,10.253048327204938,6.6558245169174945,1.0954451150103321,1.6733200530681511,2.073644135332772,NA,NA,NA,13.5,0.14862496875165215,5,3,2.75,27.125,29.5,NA,2024-01-04,0.4576271186440678,0,BKN,-0.4602480472595179,0.26474991029050393,-0.13975094970817933,-0.8083627883301777,-0.3173132606056932,-0.24440203506002234,NA,28.500248791793332,14.577001830544871,16.194297539661168,4.251525765435492,4.985066330972518,NA
C,Clint Capela (32581477),Clint Capela,32581477,C/UTIL,6100,LAC@ATL 02/05/2024 07:30PM ET,ATL,30.65,2024-02-03,C,GSW,24,25,17,2,15,0,0,0.2065808019441069,15,0.20802639576832455,0.75,12.75,0,34.4375,39.75,19,10,2,0,40,23.5,15,8,0,0,8.028075734570521,3.872983346207417,1,2.8635642126552705,0,NA,NA,NA,13.25,0.19813187931751078,0.75,11,0,30.625,23.75,NA,2024-02-02,0.5578947368421052,0,LAC,-0.9363042987381471,-0.6860029875178737,-1.441062016872978,-0.7310780755898705,0.7537092443686478,-1.3422358618675,NA,24.015039212177957,5.997654327762021,14.16449544668534,1.2053838200426379,10.561866871854152,NA
PG,Cody Martin (32581582),Cody Martin,32581582,PG/SG/G/UTIL,4800,LAL@CHA 02/05/2024 07:00PM ET,CHA,19.32,2024-02-02,SG,OKC,27,21,7,4,1,1,0.6,0.13330371028660298,9.25,0.18922133657849682,6,3.75,1.5,22.9375,14.25,14,6,8,0,34.5,7.25,7,1,3,0,10.78540680734853,3.2093613071762426,3.03315017762062,3.0331501776206204,1.0954451150103324,NA,NA,NA,9,0.20258711209569172,5,3.75,1.25,21.1875,26.5,NA,2024-01-31,0.33962264150943394,1,LAL,2.61427164240389,2.9150072352107568,2.1326338575344392,3.018435348893371,1.2700132562718558,1.7139375941110249,NA,26.35188490065588,7.182526216714052,13.237951405815979,2.40706988372896,4.810032485380504,NA
PG,Cory Joseph (32582009),Cory Joseph,32582009,PG/G/UTIL,3000,GSW@BKN 02/05/2024 07:30PM ET,GSW,6.65,2024-01-30,NA,NA,15.75,13,2,2,1,0,0.5,0.17786973088830674,4.75,0.09626714645264989,1.25,2.5,1.25,10.25,5.75,8,0,2,0,13.25,1.5,5,0,2,0,4.990616194419283,3.1937438845342627,0.8366600265340756,1.8708286933869707,1,NA,NA,NA,4.25,0.06917900401562266,1,2.25,1.25,9.1875,14,NA,2024-01-27,0.30357142857142855,2,BKN,-0.4602480472595179,0.26474991029050393,-0.13975094970817933,-0.8083627883301777,-0.3173132606056932,-0.24440203506002234,NA,13.845890233158421,-0.18401737835171694,2.769809032770127,0.5636094416906269,2.8133996095681826,NA
PG,D'Angelo Russell (32581413),D'Angelo Russell,32581413,PG/G/UTIL,7100,LAL@CHA 02/05/2024 07:00PM ET,LAL,32.82,2024-02-03,PG,NYK,33.25,26,16,4,1,2,0.5,0.3003239535031442,16,0.2406025939564587,7,2.75,2.5,33.0625,26.25,28,9,14,4,54,17.25,8,1,5,1,14.717761378687996,7.3006848993775915,4.159326868617084,3.0331501776206204,1.5811388300841898,NA,NA,NA,19,0.2224284584456309,7.25,3.25,3.25,37.9375,38.75,NA,2024-02-01,0.49032258064516127,1,CHA,1.0251036012949133,0.13708363415696567,0.7365562349373679,0.0033822710808776107,0.6770464539900125,-0.3474725418584997,17.5,37.26181937563826,4.156987923556297,14.050041573375838,8.843335675821791,5.089047265368545,NA
C,Daniel Theis (32581679),Daniel Theis,32581679,C/UTIL,3800,LAC@ATL 02/05/2024 07:30PM ET,LAC,15.16,2024-02-02,NA,NA,19.75,17,5,2,3,0,0.3333333333333333,0.15674623365705817,6.75,0.1157143898183676,2.25,4,0.5,19,16.75,18,0,5,0,36.75,10.5,7,2,2,0,11.026955608870473,6.767569726275452,1.8708286933869707,1.8708286933869707,0.8944271909999161,NA,NA,NA,7,0.11128610993185199,2,4.25,0.5,17.6875,20,NA,2024-01-31,0.35,1,ATL,-1.865353848793432,-1.7872716709758847,-2.164237974413431,-0.3608772496160047,-1.2901624929551014,-1.6180377512923294,NA,19.46170304082034,10.742718090674597,8.117884817833001,2.143985920997167,3.8408515554299862,NA
PG,Dante Exum (32581522),Dante Exum,32581522,PG/SF/F/G/UTIL,5500,DAL@PHI 02/05/2024 07:00PM ET,DAL,18.46,2024-01-26,NA,NA,22,26,9,3,0,2,0.3333333333333333,0.130338219952781,9.5,0.13533538167084955,3.25,0.75,1.5,16.3125,14,19,4,6,2,29.5,9.75,2,0,3,0,8.038967595406763,5.805170109479997,1.6431676725154984,1,1.140175425099138,NA,NA,NA,10,0.1703427517006788,4,1.25,1.25,18.0625,21.5,NA,2024-01-24,0.46511627906976744,1,PHI,0.015530821292585437,-1.0521040861239348,-0.08390784480429458,0.22951125191681596,0.7226592849347707,1.5265366726592506,NA,21.56965222832631,10.057256568304794,11.870579137550779,3.3492008700231404,1.4819903120595128,NA
SG,Danuel House Jr. (32581670),Danuel House Jr.,32581670,SG/SF/F/G/UTIL,3900,DAL@PHI 02/05/2024 07:00PM ET,PHI,8.69,2024-02-03,NA,NA,20.5,19,8,1,3,0,0.16666666666666666,0.1316703851358765,5.5,0.08913661423745384,1.5,1.75,0.25,12.0625,13.25,8,2,3,0,16,6.25,3,1,1,0,3.938591118661596,2.3021728866442674,1.3038404810405297,1,0.44721359549995804,NA,NA,NA,5,0.0874966065522992,1.25,1.75,0.25,12.6875,22.5,NA,2024-02-01,0.2222222222222222,1,DAL,-0.5042008782074303,-0.6414700992440364,-0.4610821612702392,-0.1076548559694881,-0.27139722262750055,0.6556071028987056,NA,21.308673977738394,-0.8830620738172135,3.075195663110573,1.0373850534876319,2.398722206385469,NA
PF,Dario Saric (32581608),Dario Saric,32581608,PF/C/F/UTIL,4400,GSW@BKN 02/05/2024 07:30PM ET,GSW,22.69,2024-01-30,PF,PHI,16.5,16,2,7,2,0,0.5,0.11214686532507738,7.75,0.18472065272492563,4.25,3.25,1.75,19.9375,16.5,14,2,7,2,27.75,14.5,7,2,4,0,6.1058373709099065,5.167204273105526,2,1.8708286933869707,1.5811388300841898,NA,NA,NA,10.5,0.21000057650292103,3.25,4.5,2.5,22.75,18.25,NA,2024-01-27,0.5753424657534246,2,BKN,-1.2194536054469425,-1.6358190689495937,-1.1855904605618381,-0.4144752925904149,0.08266376361151623,-2.231713361149674,NA,19.334229654011864,-1.2151444824253375,2.401668418866389,4.688961683566193,3.3170047362335953,NA
PG,Darius Garland (32581410),Darius Garland,32581410,PG/G/UTIL,7200,SAC@CLE 02/05/2024 07:00PM ET,CLE,33.78,2024-02-03,PG,SAS,25.75,23,4,4,3,0,0.6666666666666666,0.1290555581500335,12.75,0.24620508787698983,4.25,1.75,1.5,23.5625,14.25,26,4,7,3,42,14.25,3,0,4,0,10.102598675588375,8.792041856133308,2.04939015319192,1.0954451150103324,1.5811388300841898,NA,NA,NA,18.25,0.2890231966048069,5,1.5,2.5,30.5,29.25,NA,2024-02-01,0.6239316239316239,1,SAC,0.3977639029706721,0.326218858058501,-0.06529347650300196,0.4382456957653726,1.954205720443212,0.6363822957633184,13.5,29.918773596463105,6.018037429401819,8.084519815112943,4.123834565988295,1.4623231337847087,NA
C,Day'Ron Sharpe (32581616),Day'Ron Sharpe,32581616,C/UTIL,4300,GSW@BKN 02/05/2024 07:30PM ET,BKN,20.76,2024-01-07,C,POR,15.25,16,11,2,6,0,0,0.24758959044368598,10,0.24618532005227978,1.75,7.25,0,24.3125,23.5,12,3,2,0,32.5,9.5,12,2,0,0,9.643002644404906,3.9115214431215892,0.8944271909999159,4.3817804600413295,0,NA,NA,NA,8,0.21142055602914453,1.25,6.25,0,20.8125,13.25,NA,2024-01-05,0.6037735849056604,1,GSW,1.254524175113159,1.3592102817612894,1.3311124870321034,0.7497252283055916,0.5266123846660072,1.4157830323807865,NA,14.964370668207644,3.532795470866448,7.653693337369629,0.7235103243415508,6.6708990500636585,NA
PG,De'Aaron Fox (32581372),De'Aaron Fox,32581372,PG/G/UTIL,8300,SAC@CLE 02/05/2024 07:00PM ET,SAC,45.32,2024-02-03,PG,CHI,35,35,41,4,4,5,0.4583333333333333,0.39260122637206707,25.5,0.31270842627624473,3.5,4.25,2,43.6875,63,41,13,5,3,63,27.25,5,3,5,1,13.647344063956181,10.73312629199899,0.8366600265340756,1,1.788854381999832,NA,NA,NA,23.75,0.3047092878004978,3.75,4,1,41.125,35.5,NA,2024-02-02,0.6690140845070423,0,CLE,-1.2850887169809708,-0.9208915245422433,-1.0819243606506128,-1.0547853956513906,0.06127323623579199,-1.307902264298846,24.5,36.01279051821856,22.003372561207566,27.108510411118303,4.16028397285978,4.11375804063378,NA
SF,De'Andre Hunter (32581568),De'Andre Hunter,32581568,SF/PF/F/UTIL,5100,LAC@ATL 02/05/2024 07:30PM ET,ATL,23.54,2024-02-03,SF,GSW,22.25,16,6,0,1,0,0.4,0.1804374240583232,10.5,0.19572096848622678,1.5,2.25,2,17.8125,9.25,19,6,3,0,36,8.75,6,1,5,0,11.31840315592266,6.284902544988268,1.3038404810405297,2.1679483388678804,1.8708286933869707,NA,NA,NA,13.5,0.18844520744809812,1.5,2.5,2.5,21.375,24.75,NA,2024-01-30,0.5454545454545454,3,LAC,-0.6390704841906127,-0.4873169052461319,-0.22242501043082774,-0.9877234167708038,-0.7876034179938733,0.14801459969594388,NA,24.356690651361724,8.939406421386897,8.014645255545583,0.8003382547770914,3.6130742130059974,NA
PG,De'Anthony Melton (32581501),De'Anthony Melton,32581501,PG/SG/G/UTIL,5800,DAL@PHI 02/05/2024 07:00PM ET,PHI,26.26,2024-01-12,PG,SAC,26.75,25,6,3,4,2,0.8888888888888888,0.16643258426966293,10,0.17102168595741718,1.75,3.25,2.25,20.3125,18,22,6,3,0,35.25,17.25,5,3,4,2,7.224956747275377,6.268971207462991,1.140175425099138,0.8944271909999159,0.8944271909999159,NA,NA,NA,14,0.17312168229394928,1.25,3.5,2.75,24.625,29.5,NA,2024-01-10,0.4745762711864407,1,DAL,1.1541801321448149,1.2127902200969425,1.2806685391290475,0.4962274857233034,-1.0106282909660003,0.8237832172150945,NA,28.555733903324555,11.539768668032087,11.380246163703326,1.3805193738810604,4.147927670874056,NA
PF,Dean Wade (32581729),Dean Wade,32581729,PF/C/F/UTIL,3400,SAC@CLE 02/05/2024 07:00PM ET,CLE,15.32,2024-02-03,NA,NA,19.25,13,0,1,2,0,1,0.06637472802886338,3,0.11298895982299954,1,3,1,11.5,6,9,0,2,0,22.75,2.75,5,1,3,0,8.432452193757165,4.024922359499622,0.8366600265340756,1.816590212458495,1.3416407864998738,NA,NA,NA,5.25,0.12047773615313077,0.75,3.75,1.75,14.6875,21.25,NA,2024-02-01,0.24705882352941178,1,SAC,0.01994433466852496,-0.33111745504417817,0.4853759603642424,-0.4420212801351913,-0.4498328731497847,1.1891611340432562,NA,20.672674641126573,-2.892232442417752,2.015142503543861,0.6998496462297704,1.495711518351844,NA
SG,Dejounte Murray (32581384),Dejounte Murray,32581384,PG/SG/G/UTIL,7800,LAC@ATL 02/05/2024 07:30PM ET,ATL,38.93,2024-02-03,PG,GSW,37.25,40,19,7,5,0,0.25,0.2650425273390036,21.75,0.2578072492573798,7,5.5,1,40.5,36.75,24,19,9,5,45,36.75,8,4,3,0,3.522250700901343,1.8708286933869707,1.4142135623730951,1.6431676725154984,1.3038404810405297,NA,NA,NA,22.75,0.2721064623482129,7,6,1.5,42.375,35.5,NA,2024-02-02,0.6408450704225352,0,LAC,-0.8754614605035214,-0.3483829157228875,-0.7201440621819439,-0.29107817623993654,-0.6823176405450372,-0.9962723137923652,22.5,35.56829216880536,14.52339160338338,21.12996933421282,6.656136551579201,5.879484648922457,NA
PG,Dennis Schroder (32581505),Dennis Schroder,32581505,PG/G/UTIL,5900,TOR@NOP 02/05/2024 08:00PM ET,TOR,28.96,2024-02-04,PG,OKC,29.75,35,19,4,8,3,0.375,0.2500740192450037,14.25,0.2393954497763715,5.25,4,1,30.75,38.5,19,8,10,1,38.5,13.5,8,2,3,0,10.165197981347928,4.06201920231798,3.271085446759225,2.345207879911715,1.224744871391589,NA,NA,NA,12.75,0.22231098046924952,5.5,3,0.5,29,28,NA,2024-02-02,0.45535714285714285,1,NOP,-0.5235371849665669,-1.3417173977231571,-0.46693426946554445,-1.1562535280777722,-0.41766148868416003,0.21941524553311947,NA,27.923581398111153,1.9067286591677508,15.769316335609702,4.179694876045065,7.0644890027696805,NA
PG,Dennis Smith Jr. (32581686),Dennis Smith Jr.,32581686,PG/SG/G/UTIL,3700,GSW@BKN 02/05/2024 07:30PM ET,BKN,19.89,2024-01-31,PG,PHX,16,18,4,2,5,0,0.2,0.1233654083395016,5.25,0.17955375307621335,3.25,3,0,16,15.25,12,0,5,2,25.5,5,5,2,0,0,8.445782971400579,4.494441010848846,1.5165750888103102,1.5165750888103102,0,NA,NA,NA,6.25,0.20244717667354156,4,3,0,18.5,18.75,NA,2024-01-29,0.3333333333333333,1,GSW,-0.21708451817454744,0.5862797909231091,0.20676267559283903,-0.7503809983722446,-1.6492079241926016,0.7300827564892062,NA,19.618913668968286,-7.169887076184464,3.663887347787436,1.6792154305442408,2.6439863082854034,NA
C,Dereck Lively II (32581554),Dereck Lively II,32581554,C/UTIL,5200,DAL@PHI 02/05/2024 07:00PM ET,DAL,24.82,2024-01-29,C,ORL,30.75,40,20,1,11,0,0,0.1751535172949864,12.5,0.14077842742582072,1.5,8.25,0,29.9375,39.75,20,6,4,0,39.75,16,11,2,0,0,10.500892819184472,5.540758070878027,1.51657508881031,3.7013511046643495,0,NA,NA,NA,9,0.11564676451998457,1.5,7.5,0,25.25,26.75,NA,2024-01-27,0.3364485981308411,1,PHI,1.1234489672759016,0.14257059336957958,0.356833766456766,2.3127953824174674,0.9555731196598816,-0.9745000093010615,NA,25.383694139543028,9.979271306002843,19.337038242610596,3.1165829349406606,6.0028310085470995,NA
SF,Derrick Jones Jr. (32581618),Derrick Jones Jr.,32581618,SF/PF/F/UTIL,4400,DAL@PHI 02/05/2024 07:00PM ET,DAL,19.73,2024-02-03,NA,NA,25.25,35,8,1,4,0,0,0.10329766233766233,5.25,0.12666285235486927,1.5,2.25,0.25,10.6875,18,8,2,3,0,18,4.25,4,1,2,0,5.0836748519156885,2.4899799195977463,1.0954451150103321,1.224744871391589,0.8944271909999157,NA,NA,NA,5.25,0.11335326149395536,1.25,1.5,0.75,9.25,23,NA,2024-01-26,0.22826086956521738,7,PHI,0.8133768623953666,0.6403058458902884,1.2049679661088233,-0.18606413061413787,0.4998352859520991,0.20116697464910102,NA,21.551470662549235,10.439989248851424,7.065851729570752,1.8169966155685549,4.819393230866911,NA
C,Domantas Sabonis (32581330),Domantas Sabonis,32581330,C/UTIL,10100,SAC@CLE 02/05/2024 07:00PM ET,SAC,51.68,2024-02-03,PF,CHI,36.75,39,13,10,14,0,0.125,0.1576118099708025,19.5,0.20299263363171288,8.75,17,0.25,57.5,46,26,13,13,4,68.25,35.75,26,11,1,0,12.60530642229692,4.743416490252569,3.7013511046643495,6.220932405998316,0.5477225575051662,NA,NA,NA,20.5,0.21657147649368896,7.25,16.25,0.5,54.9375,36,NA,2024-02-02,0.5694444444444444,0,CLE,-0.21755123598219522,0.4781953349948796,-0.11523942804880857,-0.8544783509144921,0.2742825405519665,0.8641792535311298,18.5,35.25985353793241,-2.291976503469453,18.2868541513553,8.476516001670415,17.880319952876643,NA
PG,Donovan Mitchell (32581340),Donovan Mitchell,32581340,PG/SG/G/UTIL,9700,SAC@CLE 02/05/2024 07:00PM ET,CLE,49.85,2024-02-03,PG,SAS,35.25,35,31,7,8,4,0.45,0.28745946498900316,32.25,0.3301175006002157,8.5,5.5,3.75,57.875,60.5,45,25,12,6,72.5,40,8,4,6,2,11.674759098157015,7.661592523751182,2.345207879911715,2,1.788854381999832,NA,NA,NA,32.5,0.3531054102576626,8.25,5.5,4.25,56.625,35.5,NA,2024-02-01,0.9154929577464789,1,SAC,0.3977639029706721,0.326218858058501,-0.06529347650300196,0.4382456957653726,1.954205720443212,0.6363822957633184,28.5,36.22073057376624,20.41026871247619,33.94271138142291,9.180282544038963,6.872992083984757,NA
PF,Dorian Finney-Smith (32581630),Dorian Finney-Smith,32581630,PF/F/UTIL,4200,GSW@BKN 02/05/2024 07:30PM ET,BKN,20.61,2024-01-27,C,HOU,31.75,30,19,3,7,4,0.6666666666666666,0.24538799414348458,8,0.14560665679329748,3,5,1.75,22.375,40.75,19,0,7,0,40.75,12.75,9,2,4,0,11.520362407493959,7.314369419163897,2.701851217221259,3.1144823004794877,1.6733200530681511,NA,NA,NA,4,0.11912329224161729,2.5,4.25,0.75,16.0625,31.25,NA,2024-01-25,0.128,1,GSW,1.6021544709861402,1.737427649184044,1.7982781482347379,0.6708366166738107,1.0350720339331583,0.7102387047162481,NA,29.339451591483527,22.347912299136212,16.973266593680485,4.060376998348222,7.463554116805122,NA
PF,Draymond Green (32581458),Draymond Green,32581458,PF/C/F/UTIL,6400,GSW@BKN 02/05/2024 07:30PM ET,GSW,28.97,2024-02-03,PF,ATL,33.75,34,7,8,6,1,0.3333333333333333,0.1415195482810378,8.25,0.1484312740734654,7.75,9.5,1,36.25,27.5,9,5,11,6,52.5,27.5,14,4,2,0,10.305338422390601,1.6733200530681511,2.5099800796022267,4.33589667773576,0.8366600265340756,NA,NA,NA,7.75,0.14320925565837267,8.5,9,0.75,37.75,33,NA,2024-02-02,0.23484848484848486,0,BKN,-1.2194536054469425,-1.6358190689495937,-1.1855904605618381,-0.4144752925904149,0.08266376361151623,-2.231713361149674,7.5,31.56738772823294,-2.9697885604867835,8.926879153112619,7.365633088722582,7.874744905854469,NA
PG,Dyson Daniels (32581714),Dyson Daniels,32581714,PG/SF/F/G/UTIL,3500,TOR@NOP 02/05/2024 08:00PM ET,NOP,17.21,2024-02-02,PG,NOP,18.5,21,2,5,6,0,0.3333333333333333,0.0810751711493499,2.75,0.07763447737155554,2.75,3.25,0.25,14.9375,22.5,9,0,5,0,22.5,6.75,6,1,1,0,6.4937469922995925,3.8340579025361627,2.16794833886788,1.9235384061671346,0.5477225575051662,NA,NA,NA,3.5,0.11151286646952449,1.5,2,0.5,11,17.5,NA,2024-01-31,0.2,1,TOR,0.18818803030040682,0.16663601289158383,-0.25143715951594464,0.6121910656391689,0.4945951302109834,-1.026800882121184,NA,17.293483809205085,8.040721793690297,5.572629813250202,3.0168753159082393,5.351332168993983,NA
PF,Evan Mobley (32581440),Evan Mobley,32581440,PF/C/F/UTIL,6800,SAC@CLE 02/05/2024 07:00PM ET,CLE,37.12,2024-02-03,C,SAS,25.25,23,28,3,10,3,0.2,0.3143853422375816,15.5,0.22112255620310795,2.25,6.75,0.75,28.8125,46.5,28,6,4,0,46.5,19.75,11,3,3,0,11.246666172693134,8.87693640846886,1.5811388300841898,3.4351128074635335,1.3416407864998738,NA,NA,NA,10,0.1682242685804558,1.75,7,0,22.25,28.5,NA,2024-01-31,0.3508771929824561,2,SAC,0.01994433466852496,-0.33111745504417817,0.4853759603642424,-0.4420212801351913,-0.4498328731497847,1.1891611340432562,12.5,27.370840123497125,23.19815510688492,20.73559751793311,1.4693404031802295,4.998275016903508,NA
SG,Furkan Korkmaz (32581697),Furkan Korkmaz,32581697,SG/G/UTIL,3700,DAL@PHI 02/05/2024 07:00PM ET,PHI,5.74,2024-02-03,NA,NA,17.25,26,10,1,4,1,0.25,0.09237183941839953,9,0.1966268223862793,1.75,2,1.75,15.375,19,19,2,3,1,28.5,3,4,0,5,0,9.634573161277048,6.97853852894716,1,1.4832396974191326,1.9493588689617927,NA,NA,NA,7.25,0.1987577243049169,2.25,1.25,1.75,13.4375,13,NA,2024-02-01,0.5576923076923077,1,DAL,-0.5042008782074303,-0.6414700992440364,-0.4610821612702392,-0.1076548559694881,-0.27139722262750055,0.6556071028987056,NA,14.574597873066013,11.841276202184307,14.850008742539643,1.8088366144513568,3.3680974205902845,NA
PG,Gabe Vincent (32581982),Gabe Vincent,32581982,PG/SG/G/UTIL,3000,LAL@CHA 02/05/2024 07:00PM ET,LAL,13.55,2023-12-20,PG,CHI,25.75,13,3,3,1,1,0.75,0.13695503309746632,5.25,0.11130331194694762,3.25,1,0.5,14.125,9.25,9,2,6,2,25.75,7,3,0,1,0,7.355695072527136,2.8809720581775866,1.7320508075688772,1.224744871391589,0.5477225575051662,NA,NA,NA,6,0.12790856424813524,3,1,0.25,14.625,28,NA,2023-10-30,0.21428571428571427,50,CHA,1.0251036012949133,0.13708363415696567,0.7365562349373679,0.0033822710808776107,0.6770464539900125,-0.3474725418584997,NA,15.114133921454517,7.036091299787987,4.679837526842541,5.874437995852245,4.928243567017049,NA
SG,Gary Trent Jr. (32581586),Gary Trent Jr.,32581586,SG/G/UTIL,4800,TOR@NOP 02/05/2024 08:00PM ET,TOR,20.01,2024-02-04,PG,OKC,30.5,39,16,0,6,4,0.5333333333333333,0.19263982994552944,17,0.2080339671329134,0.25,4,4,27.25,29,24,12,3,0,35.75,20.25,6,1,6,2,6.477364433162612,4.711687595755898,1.3038404810405297,2.3021728866442674,1.4832396974191326,NA,NA,NA,16.25,0.20828732616732418,1,2.75,3.75,25.0625,27.75,NA,2024-02-02,0.5855855855855856,1,NOP,-0.8410399495621659,-0.9948987617254178,-1.0375660616506817,-0.697229813981633,-0.12463993051409411,-0.7971327003177494,NA,27.515255505768913,21.410785341903676,20.037884569124174,2.378821207149233,4.877677363259941,NA
SF,Georges Niang (32581750),Georges Niang,32581750,SF/PF/F/UTIL,3400,SAC@CLE 02/05/2024 07:00PM ET,CLE,17.13,2024-02-03,PF,SAS,19,17,2,2,2,0,0.8888888888888888,0.2507402961184474,5.25,0.1830709863847897,2,2.75,0.75,12.5625,7.5,10,2,5,0,18.75,7.5,5,2,2,0,4.434946448380184,3.63318042491699,1.8708286933869707,1.6431676725154984,0.8944271909999159,NA,NA,NA,7.25,0.15057420012943998,2,3.5,0.75,15.375,21.25,NA,2024-02-01,0.3411764705882353,1,SAC,0.5656568457115538,0.8178020196802789,0.763919574481401,0.43744864750771223,1.3174058497718049,-0.4499496185270733,NA,21.083001917215647,-0.9382893029783919,2.8792745955237447,2.063157604568969,3.3799065304314664,NA
PF,Gordon Hayward (32581531),Gordon Hayward,32581531,PF/F/UTIL,5300,LAL@CHA 02/05/2024 07:00PM ET,CHA,29.91,2023-12-26,SF,LAC,27.5,23,8,5,2,0,0.25,0.18837814120462704,9,0.1699024757815657,4,3,0.5,21,19.5,20,8,7,3,35.25,16.25,6,1,1,0,7.255601284524943,5.06951674225463,1.51657508881031,2.0736441353327724,0.5477225575051662,NA,NA,NA,12,0.17778185510641747,4.5,3.75,0.75,24.9375,30.25,NA,2023-12-23,0.39669421487603307,2,LAL,0.43095524364298626,1.315178763229205,-0.21109407726545115,-0.6568799829844557,1.2541563644863787,1.1207436441394,NA,28.970493151576967,7.320663025194328,13.827804799946268,4.524810417502654,3.2472935504205642,NA
SG,Gradey Dick (32581692),Gradey Dick,32581692,SG/SF/F/G/UTIL,3700,TOR@NOP 02/05/2024 08:00PM ET,TOR,8.94,2024-02-04,SF,OKC,19.5,10,6,1,0,0,0,0.13523316062176163,6,0.14260114652611125,2,3.75,0.75,16.1875,7.5,15,0,4,0,28.25,7.5,7,0,3,0,7.775361727919801,5.612486080160912,1.5811388300841898,2.5884358211089573,1.3416407864998738,NA,NA,NA,6,0.14355113489841978,2.25,4.75,0.75,18.3125,22.25,NA,2024-02-02,0.2696629213483146,1,NOP,-0.8410399495621659,-0.9948987617254178,-1.0375660616506817,-0.697229813981633,-0.12463993051409411,-0.7971327003177494,NA,21.855775600797298,-1.87555105801058,6.12515354942573,0.5900041386729465,0.8281406419792776,NA
PF,Grant Williams (32581654),Grant Williams,32581654,PF/F/UTIL,4000,DAL@PHI 02/05/2024 07:00PM ET,DAL,17.55,2024-02-03,PF,MIL,28.5,23,2,1,5,0,0.3333333333333333,0.18893280632411066,8.5,0.15120663469066417,1.5,4,2,18.875,9.75,27,2,4,1,53,6.25,8,1,7,0,19.778934501130237,10.691117808723277,1.4142135623730951,2.7748873851023217,2.9495762407505253,NA,NA,NA,10.25,0.13423051988438925,2.25,4,2.25,21.75,29.75,NA,2024-01-31,0.3445378151260504,2,PHI,0.9856381075244491,0.2975115043829728,0.6819602451790786,0.7975481593797848,1.2845847437298823,0.3095076924222183,NA,27.956912154116853,20.5648326508626,16.648079520390024,2.543660216705229,5.344761408304814,NA
SF,Harrison Barnes (32581575),Harrison Barnes,32581575,SF/F/UTIL,4800,SAC@CLE 02/05/2024 07:00PM ET,SAC,19.97,2024-02-03,SF,CHI,35.5,34,11,0,1,1,0.5,0.14873860150658347,13.5,0.18562818837424436,1.5,3.25,1.75,21.9375,14.25,22,9,4,0,38,14.25,6,1,4,0,10.823296632727018,5.805170109479997,1.6431676725154984,1.9235384061671346,1.7888543819998317,NA,NA,NA,15.75,0.18769420704309359,2.25,4.5,2.5,27.875,36.5,NA,2024-02-02,0.4315068493150685,0,CLE,-0.9243362035678551,-1.117689345985587,-1.0176486256378374,-1.0990649842925633,-0.1955695614347768,-0.4233734310504941,12.5,35.3148592029538,7.992352370020058,14.335407159070401,1.2888467029259134,2.302041804609225,NA
SF,Herbert Jones (32581612),Herbert Jones,32581612,SF/PF/F/UTIL,4300,TOR@NOP 02/05/2024 08:00PM ET,NOP,23.28,2024-01-29,PF,BOS,24.75,27,9,4,3,3,1,0.10178117048346057,13.5,0.1740031685190338,2.5,3,2.5,23.75,19.25,22,9,5,0,41.75,11.5,5,0,4,1,11.694817228157095,5.683308895353129,2.0736441353327724,1.8708286933869707,1.3038404810405297,NA,NA,NA,13.5,0.1960826439930762,2,3,2,22.875,23.75,NA,2024-01-27,0.5684210526315789,1,TOR,2.1558397864174466,1.877558586720522,1.9694518449296783,0.7380708798164637,1.0025941958872078,-0.4565936653962168,NA,23.874762845185302,19.04543097497923,17.64898219948605,2.7697840297682177,2.4150492855732844,NA
PG,Immanuel Quickley (32581419),Immanuel Quickley,32581419,PG/G/UTIL,7000,TOR@NOP 02/05/2024 08:00PM ET,TOR,27.28,2024-02-04,PG,OKC,34.75,42,17,11,3,2,0.45,0.24461818406118924,15.5,0.21514530441105037,9.5,2.75,3,36.5625,41.25,25,8,11,3,41.25,22.25,5,1,6,2,7.272379253036794,6.534523701081817,3.5637059362410923,1.4832396974191326,1.7888543819998317,NA,NA,NA,14.25,0.1958960160740456,7.5,2.75,3,31.8125,32.75,NA,2024-02-02,0.4351145038167939,1,NOP,-0.5235371849665669,-1.3417173977231571,-0.46693426946554445,-1.1562535280777722,-0.41766148868416003,0.21941524553311947,NA,31.68893718346047,9.018907354060865,19.953475515713148,5.128611077722748,4.054757311470217,NA
SF,Isaac Okoro (32581702),Isaac Okoro,32581702,SF/PF/F/UTIL,3600,SAC@CLE 02/05/2024 07:00PM ET,CLE,18.13,2024-02-03,SG,SAS,26.75,24,7,2,1,1,0.625,0.143811910729204,11,0.1404731631073186,1.25,2.25,1.25,18.5625,11.75,17,3,3,0,25.75,11,4,1,3,0,7.446475676452585,5.856620185738529,1.3038404810405297,1.4142135623730951,1.0954451150103324,NA,NA,NA,10,0.13068336816271148,1,2.25,1.25,19.1875,28.25,NA,2024-02-01,0.35398230088495575,1,SAC,0.5656568457115538,0.8178020196802789,0.763919574481401,0.43744864750771223,1.3174058497718049,-0.4499496185270733,NA,26.891485702158644,5.192543460846094,8.52226135893864,1.763888989649982,3.3994268589981687,NA
PG,Ish Smith (32581706),Ish Smith,32581706,PG/G/UTIL,3600,LAL@CHA 02/05/2024 07:00PM ET,CHA,10.71,2024-02-04,NA,NA,16.5,25,3,4,3,1,0.3333333333333333,0.0869094843130184,2,0.09426785343044164,3,1,0.5,8.125,12.25,3,0,12,2,23.75,4.5,3,0,1,0,7.57256561543048,1.5165750888103102,4.08656334834051,1.5165750888103102,0.5477225575051662,NA,NA,NA,1.25,0.09150228808258636,5,1,0.25,11,17.25,NA,2024-02-02,0.07246376811594203,1,LAL,2.61427164240389,2.9150072352107568,2.1326338575344392,3.018435348893371,1.2700132562718558,1.7139375941110249,NA,16.80353376812932,3.6751607780331454,1.4277364576873794,7.8407295799566015,2.6078769939277175,NA
C,Ivica Zubac (32581481),Ivica Zubac,32581481,C/UTIL,5900,LAC@ATL 02/05/2024 07:30PM ET,LAC,28.97,2024-02-04,C,MIA,24.25,18,4,0,3,0,0,0.1311303435615001,10.25,0.14849493744348863,1.5,8.25,0,25.3125,7.25,22,4,3,0,49.75,7.25,19,3,0,0,15.89260834476204,7.861297602813419,1.5165750888103102,5.813776741499453,0,NA,NA,NA,14.75,0.16602404792182587,1.75,12.25,0,35.9375,29,NA,2024-01-12,0.5086206896551724,22,ATL,-1.865353848793432,-1.7872716709758847,-2.164237974413431,-0.3608772496160047,-1.2901624929551014,-1.6180377512923294,NA,22.47969583487627,-18.20988495456325,4.672398280085762,1.0667958724062476,5.351534180004494,NA
PG,Jaden Hardy (32581589),Jaden Hardy,32581589,PG/SG/G/UTIL,4900,DAL@PHI 02/05/2024 07:00PM ET,DAL,14.32,2024-02-03,PG,MIL,21.25,10,4,0,2,0,0.5,0.2120581818181818,10.5,0.2225234377677538,4,2.5,1.5,21,6.5,20,3,7,0,37.25,6.5,5,1,4,0,11.447434210337267,7.314369419163897,3.361547262794322,1.6431676725154984,1.51657508881031,NA,NA,NA,11.5,0.23368557929503453,4.25,2.25,1.75,22.6875,22,NA,2024-01-31,0.5227272727272727,2,PHI,0.015530821292585437,-1.0521040861239348,-0.08390784480429458,0.22951125191681596,0.7226592849347707,1.5265366726592506,NA,22.80574633958796,4.15435543363415,10.006649458338803,1.498441148286375,3.7069362564942137,NA
SG,Jaden Springer (32581737),Jaden Springer,32581737,SG/G/UTIL,3400,DAL@PHI 02/05/2024 07:00PM ET,PHI,9.01,2024-02-03,PG,BKN,18,25,11,3,5,0,0.14285714285714285,0.1554412786657401,8,0.23008375806064718,1.75,3.25,0.75,18.0625,23.25,11,0,3,0,27.25,3.75,5,1,1,0,9.760251021362103,4.722287581247038,1.140175425099138,2.0493901531919194,0.5477225575051662,NA,NA,NA,5.25,0.22365411781694608,1.25,2.25,0.75,13.1875,13.5,NA,2024-02-01,0.3888888888888889,1,DAL,-0.5042008782074303,-0.6414700992440364,-0.4610821612702392,-0.1076548559694881,-0.27139722262750055,0.6556071028987056,NA,15.348290909911125,9.0810044531905465,8.982364936689855,1.9502158864156283,4.168686846609662,NA
C,Jakob Poeltl (32581479),Jakob Poeltl,32581479,C/UTIL,6000,TOR@NOP 02/05/2024 08:00PM ET,TOR,28.62,2024-02-04,C,OKC,26.25,33,19,3,12,0,0,0.1815630397236615,13.25,0.1918455333574848,2.75,8.5,0,31,43,19,6,5,1,43,16.25,12,5,0,0,9.852981782181473,5.431390245600108,1.5165750888103102,3.0495901363953815,0,NA,NA,NA,10.25,0.17891530823831658,2.5,7.5,0,28.125,26.25,NA,2024-02-02,0.3904761904761905,1,NOP,0.25705624734062155,0.3523360568853907,0.3317234901532794,0.25612412700710496,-0.06636274900199239,1.9673868112304445,NA,25.81201867422309,5.008252963664109,14.634536392357335,3.1817291777049084,8.382115359357572,NA
PF,Jalen Johnson (32581402),Jalen Johnson,32581402,PF/F/UTIL,7300,LAC@ATL 02/05/2024 07:30PM ET,ATL,35.58,2024-02-03,PF,GSW,38.75,43,21,8,13,2,0.3,0.1906015993670349,18.25,0.18656902511534343,5,10.75,1.5,44.6875,53.75,25,16,8,3,53.75,35.25,13,3,2,1,7.153670386591767,3.5777087639996634,2.073644135332772,4.147288270665544,0.5477225575051661,NA,NA,NA,19.25,0.17890164898251848,3.75,8.25,1.5,40.8125,37.25,NA,2024-02-02,0.5167785234899329,0,LAC,-1.0575953271339915,-1.2562695085407478,-0.7783801563025401,-1.8468666449188356,-0.7084740967195611,0.9448129558151908,16.5,35.86804992362444,17.016681774865738,21.944337844917005,6.956279748026162,6.3683061171570206,NA
PG,James Harden (32581365),James Harden,32581365,PG/G/UTIL,8700,LAC@ATL 02/05/2024 07:30PM ET,LAC,40.88,2024-02-04,PG,MIA,36,41,21,11,8,5,0.6923076923076923,0.21600046055535296,15.25,0.19411750825956825,8,6.75,3,41.8125,53.5,25,4,11,5,57.25,18.25,9,3,5,0,16.386923140113886,8.717797887081348,2.588435821108957,2.345207879911715,2.5099800796022267,NA,NA,NA,12.25,0.19718600018933707,7,6.75,1.75,35.6875,32.25,NA,2024-02-02,0.3798449612403101,1,ATL,2.2978259538686507,1.6028816193938635,2.8986867068569357,-0.46047204858258123,0.6314336230452543,2.838343122821675,20.5,31.272262333566374,12.549053798404511,21.13254675793872,8.61004164978203,5.861186946246253,NA
PF,Jarred Vanderbilt (32581801),Jarred Vanderbilt,32581801,PF/C/F/UTIL,3000,LAL@CHA 02/05/2024 07:00PM ET,LAL,15.37,2024-02-01,PF,BOS,22,16,10,2,7,2,0.42857142857142855,0.29149768765563855,9.75,0.15890203668315958,2.5,5,0.5,24.125,27.25,17,3,5,0,39.75,5,9,0,2,0,12.7957512479729,5.263078946776307,2.1213203435596424,3.391164991562634,0.8944271909999159,NA,NA,NA,11.5,0.1435700723117075,2,4.5,0.25,25,24.5,NA,2024-01-30,0.46938775510204084,1,CHA,-0.6165769845397151,-0.20657775553502555,-0.28691944426545735,-0.19410739223220005,-1.0584004580198427,-0.42353684226198357,NA,23.810213482073046,-3.4485395524750917,4.771341349484714,2.027778405073253,2.4009830480923995,NA
C,Jarrett Allen (32581393),Jarrett Allen,32581393,C/UTIL,7600,SAC@CLE 02/05/2024 07:00PM ET,CLE,36.86,2024-02-03,C,SAS,29.25,30,26,0,16,0,0,0.2858980785296575,18.5,0.2514008930336123,1.25,13.25,0,40.6875,47,26,14,3,0,49.75,32.75,17,9,0,0,8.501838036565976,5.549774770204643,1.3038404810405297,3.361547262794322,0,NA,NA,NA,18,0.25818473001424097,1.5,12.75,0,41.0625,30.5,NA,2024-02-01,0.5901639344262295,1,SAC,-0.7245674245395006,-0.11963623602518036,0.06555456133630416,-0.8544783509144921,-0.9873666800182509,0.8641792535311282,16.5,30.583985437150854,5.683616029683829,20.604617146641118,1.281719667362453,10.113786029517795,NA
C,Jaxson Hayes (32581661),Jaxson Hayes,32581661,C/UTIL,3900,LAL@CHA 02/05/2024 07:00PM ET,LAL,7.92,2024-02-03,C,NYK,20.5,12,10,3,1,0,0,0.2146985962014864,10.25,0.15176798681471995,1.5,4.75,0,23.5625,17.75,16,0,3,0,37.5,0,10,0,0,0,13.653754062528005,5.848076606885378,1.3038404810405297,4.147288270665545,0,NA,NA,NA,7.75,NA,0.75,4.5,0,19.125,17.5,NA,2024-02-01,0.44285714285714284,1,CHA,-0.4451323660732578,-1.1265104609010803,-0.32616574899810685,-0.07294327385855369,-0.8864347423726326,0.1287075483982515,NA,NA,NA,NA,NA,NA,NA
C,Joel Embiid (32581328),Joel Embiid,32581328,C/UTIL,11600,DAL@PHI 02/05/2024 07:00PM ET,PHI,63.90,2024-01-30,C,GSW,33,29,14,2,7,2,0.3333333333333333,0.4286537845628269,37,0.4355462108134326,3.75,10.5,1.25,58.5,26.75,70,14,5,2,105.5,26.75,18,7,2,0,29.271039441741728,20.437710243566915,1.5165750888103102,4.764451699828639,0.8366600265340756,NA,NA,NA,42.5,0.43269149453409717,3.75,10.5,1,65.75,33.25,NA,2024-01-25,1.2781954887218046,4,DAL,0.2030417386164794,0.31038296418223404,0.9293480661762941,0.2561241270071044,-1.189230555309486,1.3238490692391773,NA,34.191022995995446,28.32022681333437,34.08034417725561,3.601135967419364,11.056071227491612,NA
C,Jonas Valanciunas (32581448),Jonas Valanciunas,32581448,C/UTIL,6500,TOR@NOP 02/05/2024 08:00PM ET,NOP,33.24,2024-02-02,C,NOP,25.25,27,18,4,9,0,0,0.1891753993484831,16.75,0.22528258912240634,3.5,10,0.25,36.125,35.25,25,11,6,0,47.5,24.25,14,7,1,0,9.112148484303798,5.540758070878027,2.280350850198276,2.588435821108957,0.44721359549995804,NA,NA,NA,15.75,0.263595433845955,2.5,10,0.25,33.375,23.5,NA,2024-01-31,0.6702127659574468,1,TOR,-0.09367796264149236,-0.371354792244157,-0.05497476492043641,0.009323576357860568,0.07241866526072742,0.8641792535311298,15.5,24.57808339271604,13.332580979814905,20.32093399350746,3.1796425387274243,9.525007618666109,NA
SF,Jonathan Kuminga (32581432),Jonathan Kuminga,32581432,SF/PF/F/UTIL,7000,GSW@BKN 02/05/2024 07:30PM ET,GSW,25.15,2024-02-03,PF,ATL,38,34,16,3,4,1,0.25,0.20944893145593593,23.25,0.23581434225342476,2.75,6.5,1.25,38.25,26,31,16,4,2,46,26,9,3,2,1,8.31226503427315,5.974947698515862,0.8366600265340756,2.3874672772626644,0.5477225575051661,NA,NA,NA,27,0.2699188248247005,2.75,6.25,1.5,42.5625,37,NA,2024-02-02,0.7297297297297297,0,BKN,-1.3467253588689174,-1.5222762127127778,-1.5388876339247888,-1.2104065518143234,-0.24255637544740466,-1.5528613988050863,19.5,36.88459878463164,9.197478115538843,17.50312268837462,3.4936202323328565,5.329694788913685,NA
PG,Jordan Hawkins (32581766),Jordan Hawkins,32581766,PG/SG/G/UTIL,3200,TOR@NOP 02/05/2024 08:00PM ET,NOP,17.27,2024-02-02,NA,NA,17.75,10,2,0,0,0,0.8,0.21282232426704348,3.25,NA,0.75,4,0.75,9.75,2,9,0,4,0,17.75,2,7,0,2,0,6.952068037641749,3.911521443121589,1.6733200530681511,3.0495901363953815,1,NA,NA,NA,5,NA,1.75,4.25,1.25,13.4375,20,NA,2024-01-31,0.25,1,TOR,0.18818803030040682,0.16663601289158383,-0.25143715951594464,0.6121910656391689,0.4945951302109834,-1.026800882121184,NA,NA,NA,NA,NA,NA,NA
SF,Jordan Nwora (32581657),Jordan Nwora,32581657,SF/PF/F/UTIL,3800,TOR@NOP 02/05/2024 08:00PM ET,TOR,11.61,2024-02-02,NA,NA,17.75,16,8,0,1,0,0.2,0.1540880503144654,12.25,0.22837705590508445,1.75,3.25,1.75,21.9375,15.25,24,0,6,0,47.25,1.75,9,0,4,0,18.4890170101063,9.964938534682489,2.6076809620810595,3.646916505762094,1.8165902124584952,NA,NA,NA,11,0.21532193636551733,1.75,3,2,19,14.75,NA,2024-01-30,0.7457627118644068,2,NOP,-0.42073406091904736,-0.9232266261715575,-0.695549648722058,0.3817778637468343,-0.0452117565943727,-0.8087281494608841,NA,16.46808486210464,18.119981898025635,11.873988092800724,3.964179181656626,5.42635600373829,NA
PG,Jose Alvarado (32581758),Jose Alvarado,32581758,PG/G/UTIL,3300,TOR@NOP 02/05/2024 08:00PM ET,NOP,15.08,2024-02-02,PG,NOP,16,18,8,3,2,2,0.7142857142857143,0.1655284744299227,6,0.1641653524941778,2,1.5,1.25,14.375,20,9,4,3,0,20,9.25,2,1,3,0,4.11931426332102,2.073644135332772,1.5165750888103102,0.5477225575051661,1.140175425099138,NA,NA,NA,6.25,0.27391199642850317,1.25,1.5,1.5,12.5,12.5,NA,2024-01-31,0.5,1,TOR,0.18818803030040682,0.16663601289158383,-0.25143715951594464,0.6121910656391689,0.4945951302109834,-1.026800882121184,NA,15.164969303511027,11.038105885994067,10.035807536721368,1.939816462787203,2.1673509610971133,NA
SF,Josh Green (32581578),Josh Green,32581578,SF/PF/F/UTIL,4900,DAL@PHI 02/05/2024 07:00PM ET,DAL,18.06,2024-02-03,SG,MIL,33,37,20,3,9,4,0.6666666666666666,0.18650221130221128,12.75,0.17158767561622928,2.5,4,2,22.5,38.25,21,2,5,1,38.25,7,9,2,4,0,11.547456429880997,7.956129712366435,1.7888543819998317,3.0495901363953815,1.6733200530681511,NA,NA,NA,13,0.17374207588540472,2.75,2.25,2,20.4375,32.5,NA,2024-01-31,0.4,2,PHI,0.8133768623953666,0.6403058458902884,1.2049679661088233,-0.18606413061413787,0.4998352859520991,0.20116697464910102,NA,30.804576815164154,17.26308038083735,10.784019395192972,3.1302031655259515,9.493901521324727,NA
PF,KJ Martin (32581722),KJ Martin,32581722,PF/C/F/UTIL,3500,DAL@PHI 02/05/2024 07:00PM ET,PHI,5.65,2024-02-03,SF,BKN,17.25,21,11,4,4,1,0.2222222222222222,0.17869552268440386,4.75,0.134956533879574,1.5,2,0.25,10.125,22.5,11,0,4,0,22.5,2.75,4,1,1,0,7.492913318596446,4.324349662087931,1.51657508881031,1.5165750888103102,0.447213595499958,NA,NA,NA,3.75,0.13997366090175087,0.75,2,0,7.625,16.5,NA,2024-02-01,0.22727272727272727,1,DAL,1.0147362249739715,0.7600875311312608,1.4823391190680388,1.6239277857231043,-0.38897611466277826,1.3846396766257094,NA,16.81298648857393,12.912027524161802,7.348789628140687,3.109926138884787,3.0971577515069355,NA
SF,Kawhi Leonard (32581356),Kawhi Leonard,32581356,SF/PF/F/UTIL,8900,LAC@ATL 02/05/2024 07:30PM ET,LAC,43.41,2024-02-04,PF,MIA,32.5,34,25,4,11,3,0.375,0.3004581848475031,29.75,0.3145778460113338,3.5,8,3,52.375,54.25,33,25,4,2,58.75,46.25,11,4,6,1,5.227929800599851,3.391164991562634,0.8366600265340756,2.588435821108957,1.8708286933869707,NA,NA,NA,30,0.30348939486003584,3,7,3,50.375,31.25,NA,2024-02-02,0.96,1,ATL,0.47158853624595465,0.7760382140826383,0.4525126797868913,0.8160099770816924,-0.5573680293320044,0.7991311928721195,27.5,31.853050556136758,25.72813040664097,26.382059144153768,3.4966273673666532,6.915943116779167,NA
PF,Keegan Murray (32581486),Keegan Murray,32581486,PF/F/UTIL,5900,SAC@CLE 02/05/2024 07:00PM ET,SAC,29.27,2024-02-03,PF,CHI,30.25,31,5,3,6,1,0.8333333333333334,0.08239023218025152,12,0.15547052341003983,2,4.25,2.5,24.5625,21.5,33,5,3,1,51.75,8.25,6,1,7,1,16.54671417532798,12.198360545581524,0.7071067811865476,1.9235384061671346,2.6832815729997477,NA,NA,NA,14.5,0.18018659711928667,1.75,3.75,2.5,26.5625,32.25,NA,2024-02-02,0.4496124031007752,0,CLE,0.12106029280560592,-0.29197640662701463,-0.10156854715432764,-0.06188665201726591,0.20133444266117592,0.9448129558151908,NA,31.398460933348566,14.516620953702668,20.158834237669446,2.054763020311647,2.939324648350623,NA
SG,Kelly Oubre Jr. (32581450),Kelly Oubre Jr.,32581450,SG/SF/F/G/UTIL,6500,DAL@PHI 02/05/2024 07:00PM ET,PHI,24.06,2024-02-03,PF,BKN,32.25,25,16,0,4,0,0.35714285714285715,0.3068797776233495,18,0.25553035285157844,0.75,5,0.75,28.875,23,25,15,4,0,41.25,23,6,4,3,0,7.92464510246358,5.128352561983234,1.6733200530681511,1,1.3038404810405297,NA,NA,NA,20.25,0.24016260146649254,1.75,5.25,1,33.4375,35.75,NA,2024-02-01,0.5664335664335665,1,DAL,-0.5042008782074303,-0.6414700992440364,-0.4610821612702392,-0.1076548559694881,-0.27139722262750055,0.6556071028987056,NA,34.89802909370144,10.105619551113488,16.52592754362211,1.8089707349273758,4.1539884610154,NA
SG,Kevin Huerter (32581542),Kevin Huerter,32581542,SG/G/UTIL,5100,SAC@CLE 02/05/2024 07:00PM ET,SAC,22.57,2024-02-03,SG,CHI,31.25,20,9,2,2,1,0.5555555555555556,0.2528556225611919,13.75,0.20327289716819097,3.75,3.5,2.25,26.375,16,18,9,6,2,36.5,16,5,2,4,1,7.9344974636078875,3.5071355833500366,1.5811388300841898,1.140175425099138,1.140175425099138,NA,NA,NA,16,0.18149025329813784,4.5,4,3,31.5,33.75,NA,2024-02-02,0.4740740740740741,0,CLE,-1.5624164717189395,-0.9311091982531732,-1.4660145900815753,-2.1340458227667845,0.29215077908798126,-1.0028014814472717,11.5,32.76236692948895,-2.960294291061288,8.235319978588098,2.149571856261643,2.8362797816682948,NA
SG,Klay Thompson (32581494),Klay Thompson,32581494,SG/SF/F/G/UTIL,6000,GSW@BKN 02/05/2024 07:30PM ET,GSW,28.15,2024-02-03,SG,ATL,34.5,35,10,2,4,2,0.6842105263157895,0.22912688769310882,16,0.24070100311241124,1.75,2.75,3,27.5625,26.5,24,10,4,0,41,19.5,4,1,6,2,8.714929718592114,6.2289646009589745,1.5811388300841898,1.3416407864998738,1.9493588689617927,NA,NA,NA,19.5,0.26047023890507187,2,2.25,3.75,29.5625,33.25,NA,2024-02-02,0.5864661654135338,0,BKN,-0.9371743122626746,-1.0259315223335255,-0.43830748866261554,-1.2824375500825766,-0.7821125991821526,-1.0615639903414216,19.5,33.39044852220246,19.578523859415892,14.981692884543827,1.9435573073896288,3.2699976613590276,NA
PG,Kyle Lowry (32581663),Kyle Lowry,32581663,PG/G/UTIL,3900,LAL@CHA 02/05/2024 07:00PM ET,CHA,21.59,2024-01-21,PG,ORL,25.25,25,2,3,2,0,0.6666666666666666,0.1656441717791411,2.5,0.1353761730329693,3.75,2.75,0,14.1875,15,4,0,5,3,16,10.5,4,2,0,0,2.153485546735803,1.4142135623730951,0.8944271909999159,1,0,NA,NA,NA,2,0.11748531824968933,3.75,3.25,0,13.0625,25.25,NA,2024-01-19,0.07920792079207921,1,LAL,2.61427164240389,2.9150072352107568,2.1326338575344392,3.018435348893371,1.2700132562718558,1.7139375941110249,NA,24.1059740352773,-0.20481066536860038,4.28478380158974,4.438931021530351,3.457988211121541,NA
SG,Kyrie Irving (32581368),Kyrie Irving,32581368,PG/SG/G/UTIL,8500,DAL@PHI 02/05/2024 07:00PM ET,DAL,43.82,2024-01-22,PG,BOS,37,35,23,3,6,3,0.35,0.27991471215351815,27.5,0.31940532957327195,5.5,5.75,3,45.5625,40,44,12,10,3,68.5,26.75,7,4,6,1,17.053775241863605,13.405222862750175,2.5099800796022267,1.1401754250991378,1.9493588689617927,NA,NA,NA,32.75,0.346564633457047,7.25,5.25,3.75,52.6875,38,NA,2024-01-17,0.8618421052631579,4,PHI,1.1259035328012326,-0.4518254510832951,1.3395403917699042,1.857595004070991,-0.6236147236996726,2.0267323104288493,27.5,36.73049711498497,15.863555932229193,20.454682264495684,5.5169511801545905,5.67520468578087,NA
PG,LaMelo Ball (32581350),LaMelo Ball,32581350,PG/G/UTIL,9300,LAL@CHA 02/05/2024 07:00PM ET,CHA,46.65,2024-01-26,PG,HOU,30,23,15,8,2,2,0.5625,0.363412118086107,19.5,0.3247521286327563,9,3.25,2,41.4375,33,29,15,13,7,52.5,33,6,1,4,1,9.40511828740075,6.58027355054484,2.5099800796022267,2.0736441353327724,1.5165750888103102,NA,NA,NA,23,0.3310189566273703,8.75,4,2.5,45.625,32,NA,2024-01-24,0.71875,1,LAL,2.61427164240389,2.9150072352107568,2.1326338575344392,3.018435348893371,1.2700132562718558,1.7139375941110249,NA,32.87977459365447,8.82562683522908,20.608932998748543,11.06339943353226,2.7184989699043247,NA
PF,Larry Nance Jr. (32581748),Larry Nance Jr.,32581748,C/UTIL,3200,TOR@NOP 02/05/2024 08:00PM ET,NOP,16.88,2024-01-31,PF,NOP,18,15,0,3,5,0,0.6666666666666666,0.08806190125276343,4.25,0.10028454997271771,1.75,4.5,0.75,14.875,12.75,12,0,3,0,30.5,10.75,8,3,2,0,7.705517503711221,5.019960159204453,1.4142135623730951,1.7888543819998317,0.8366600265340756,NA,NA,NA,7.25,0.11772163582833517,1.75,5.25,1,19.3125,19,NA,2024-01-29,0.3815789473684211,1,TOR,0.6182743747242675,1.359064181151471,0.9417323358272512,0.7149101967454546,-1.4843977674288837,-0.13031902838830034,NA,18.680919000443108,2.899089516026219,2.5034086750473223,0.617864961292258,4.362797399088606,NA
SF,LeBron James (32581332),LeBron James,32581332,SF/PF/F/UTIL,10000,LAL@CHA 02/05/2024 07:00PM ET,LAL,49.44,2024-02-03,PF,NYK,39.5,40,24,5,5,2,0.2631578947368421,0.25862923203963667,25.75,0.25290875790029066,8.75,10,2,56,44.25,36,20,12,5,83,44.25,20,4,3,2,15.798931925924613,6.107372593840988,2.9664793948382653,6.534523701081816,0.44721359549995787,NA,NA,NA,26,0.26738211514349575,10.5,9.75,2.25,58.0625,38.25,NA,2024-01-30,0.6797385620915033,3,CHA,-0.4040017368926305,-0.6152185598889222,-0.36944114097329944,0.5153877447729447,0.03936450862835743,-0.29049249366760455,24.5,36.377748948192924,20.710476800166255,29.060445976688793,5.562361916449504,12.555771732522139,NA
SG,Lonnie Walker IV (32581649),Lonnie Walker IV,32581649,SG/SF/F/G/UTIL,4000,GSW@BKN 02/05/2024 07:30PM ET,BKN,20.19,2024-02-03,SF,PHI,25,30,20,3,2,3,0.5,0.2284920083391244,14.5,0.21459710699499532,3.5,2,2.5,26.75,28.5,20,0,7,0,41.75,3.25,3,0,4,0,17.47802191324865,10.074720839804943,2.7386127875258306,1.140175425099138,1.8708286933869707,NA,NA,NA,10,0.225034095939593,3,1.5,1.75,20.75,20.75,NA,2024-01-31,0.4819277108433735,2,GSW,-0.11081218173475237,1.5653039884445819,-0.8169364207643443,0.4164117733746369,1.6070961164240998,-0.6502264280823786,NA,21.638260428598237,11.96098665809431,12.118175840132086,3.7923215610185674,2.975465146647267,NA
PG,Luka Doncic (32581325),Luka Doncic,32581325,PG/G/UTIL,12000,DAL@PHI 02/05/2024 07:00PM ET,DAL,65.53,2024-02-03,PG,MIL,43.75,42,40,11,9,4,0.46153846153846156,0.4121974025974026,46.5,0.39353990525235477,12.5,9.5,4,81.25,68.75,73,28,17,7,100,63,10,8,8,1,14.637921642091134,17.421251390184345,4.147288270665544,0.8366600265340756,2.5495097567963922,NA,NA,NA,45,0.38960040526905654,12,9.25,4,79.8125,42.75,NA,2024-01-29,1.0526315789473684,4,PHI,0.015530821292585437,-1.0521040861239348,-0.08390784480429458,0.22951125191681596,0.7226592849347707,1.5265366726592506,36.5,41.030940607904256,32.19018729884979,49.159907006380294,11.091435903374162,9.017651819939761,NA
SG,Malik Monk (32581538),Malik Monk,32581538,PG/SG/G/UTIL,5400,SAC@CLE 02/05/2024 07:00PM ET,SAC,28.48,2024-02-03,SF,CHI,23.25,33,22,7,5,2,0.2857142857142857,0.23322261278983517,13.5,0.26970869431323896,4.5,3.25,1,25.3125,41.25,23,3,7,0,41.25,4.5,5,0,2,0,16.06276750750007,9.289779329994873,2.7748873851023217,2.04939015319192,0.8366600265340756,NA,NA,NA,10.25,0.27729658854367195,4.25,2.75,0.5,20.0625,19.75,NA,2024-02-02,0.5189873417721519,0,CLE,-1.5624164717189395,-0.9311091982531732,-1.4660145900815753,-2.1340458227667845,0.29215077908798126,-1.0028014814472717,NA,21.50466393343371,12.646652395296755,17.51334967007473,1.6545168039137952,2.605072375406192,NA
SF,Marcus Morris Sr. (32581622),Marcus Morris Sr.,32581622,SF/PF/F/UTIL,4500,DAL@PHI 02/05/2024 07:00PM ET,PHI,12.72,2024-02-03,PF,BKN,21.5,19,4,1,3,0,0.2,0.1316703851358765,7.5,0.1853274119073267,0.75,2.25,0.5,11.5625,10.75,17,0,2,0,25,0,9,0,1,0,9.700837592703014,6.442049363362563,0.8944271909999159,3.361547262794322,0.5477225575051662,NA,NA,NA,9,0.2042874995729786,0.5,3.75,0.5,13.9375,23.25,NA,2024-01-29,0.3870967741935484,4,DAL,0.4815871201153998,0.14827601119302675,0.4725603339517721,1.6288034199905361,-0.47749044551053765,0.34069195890114023,NA,23.258696468555918,4.96657062113519,6.5250538088361845,1.5422499064200832,3.6915632686271613,NA
C,Mark Williams (32581520),Mark Williams,32581520,C/UTIL,5500,LAL@CHA 02/05/2024 07:00PM ET,CHA,30.55,2023-12-08,C,TOR,26.25,20,4,1,3,0,0,0.11673151750972763,9.75,0.15162028659186347,0.5,8.25,0,25.3125,14.75,12,4,1,0,38,14.75,12,3,0,0,9.400132977782814,3.492849839314596,0.5477225575051662,4.024922359499621,0,NA,NA,NA,11.75,0.16141643372808412,0.5,9,0,27.75,26.5,NA,2023-12-02,0.44339622641509435,5,LAL,0.7316637306634395,1.422139920816035,-0.32616574899810735,0.8731255036302141,0.9051071508370732,0.3125754746814718,NA,25.023354764898418,2.123498050346857,3.61168691862694,0.8631052821039698,5.26017789817466,NA
C,Mason Plumlee (32581600),Mason Plumlee,32581600,C/UTIL,4600,LAC@ATL 02/05/2024 07:30PM ET,LAC,16.69,2024-02-04,C,MIA,23,26,5,0,9,0,0,0.06826847424801791,6.75,0.11258061054896942,0.75,8.5,0,19.125,16.25,12,5,2,0,27.75,12.75,11,5,0,0,5.56327241828045,3.082207001484488,0.8944271909999159,2.2803508501982757,0,NA,NA,NA,7.5,0.11481851129198425,0.75,8,0,19.75,21.75,NA,2024-02-02,0.3448275862068966,1,ATL,-1.865353848793432,-1.7872716709758847,-2.164237974413431,-0.3608772496160047,-1.2901624929551014,-1.6180377512923294,9.5,21.02978041156884,3.141926804517441,9.031145614100353,1.220239887493218,6.605916726764047,NA
SG,Matt Ryan (32581761),Matt Ryan,32581761,SG/SF/F/G/UTIL,3300,TOR@NOP 02/05/2024 08:00PM ET,NOP,15.35,2023-11-18,NA,NA,22.5,26,10,1,3,3,0.8,0.14654906861178113,9.75,0.1477728997319671,0.75,2.75,3,16.4375,17.25,14,0,2,0,26.5,4,6,0,4,0,8.445412956155549,5.215361924162119,0.8944271909999159,2.1908902300206643,1.51657508881031,NA,NA,NA,7.25,0.12485681808944991,0.5,2.5,2.25,13.125,20,NA,2023-11-17,0.3625,0,TOR,0.6250705486044571,0.5653594799606793,0.12963590948996725,-0.011575973923065887,0.9085314059642882,-0.539230577948985,NA,19.650695568350514,11.063664880838118,7.25792574731351,1.7238748544704925,4.273348338728454,NA
SG,Max Christie (32581742),Max Christie,32581742,SG/G/UTIL,3500,LAL@CHA 02/05/2024 07:00PM ET,LAL,11.07,2024-02-03,SF,NYK,19.5,26,6,1,1,2,1,0.04649685574541066,6.75,0.11344329623346415,1,3,1.25,14.875,13.75,9,2,2,0,19,2,6,0,2,0,7.209802355127358,2.588435821108957,0.8366600265340756,2.5099800796022267,0.7071067811865476,NA,NA,NA,5.75,0.12800321705092663,0.75,2.75,0.75,11.9375,15,NA,2024-02-01,0.38333333333333336,1,CHA,0.9697773938886464,-0.02943509836164261,0.6491831283513495,0.7876256358267297,0.5210921547848948,-0.6502264280823786,NA,15.346998142324715,3.885220559076246,7.493575152577675,1.6555132105406984,4.041120142700302,NA
SG,Max Strus (32581545),Max Strus,32581545,SG/SF/F/G/UTIL,5200,SAC@CLE 02/05/2024 07:00PM ET,CLE,27.71,2024-02-03,SG,SAS,30,28,6,3,3,2,0.7777777777777778,0.15408419006700425,8.25,0.13931152022971222,3,6,1.75,22.5,18.75,14,2,4,1,32.5,9.5,10,3,3,0,9.704058429337696,4.764451699828639,1.3038404810405297,2.7748873851023217,1.0954451150103324,NA,NA,NA,9.5,0.13875009351340542,3.25,7,1.75,25.375,31.5,NA,2024-02-01,0.30158730158730157,1,SAC,1.009116263535911,0.996370043962365,1.040622813794861,0.3727395542626299,0.7559038221663438,0.9167738090949255,9.5,29.824169316284237,-4.473453689158426,6.393611817949557,1.228255481351752,5.453246000215433,NA
PF,Maxi Kleber (32581638),Maxi Kleber,32581638,PF/C/F/UTIL,4100,DAL@PHI 02/05/2024 07:00PM ET,DAL,12.46,2024-02-03,PF,MIL,21.25,33,21,2,3,4,0.6363636363636364,0.17697851239669418,7.5,0.14180092785484255,0.75,2,1.5,12.75,32.75,21,1,3,0,32.75,3.25,3,1,4,0,11.758773320376578,8.294576541331088,1.3038404810405297,0.8366600265340756,1.6431676725154982,NA,NA,NA,2.75,0.11253789911910643,1,2,0.5,7,18.5,NA,2024-01-31,0.14864864864864866,2,PHI,0.9856381075244491,0.2975115043829728,0.6819602451790786,0.7975481593797848,1.2845847437298823,0.3095076924222183,NA,18.215355910404,23.933167796818914,20.0656904788504,2.098875881025963,3.2014453733090793,NA
SF,Mikal Bridges (32581405),Mikal Bridges,32581405,SG/SF/F/G/UTIL,7200,GSW@BKN 02/05/2024 07:30PM ET,BKN,36.62,2024-02-03,SG,PHI,37,32,23,4,3,5,0.75,0.2501737317581654,24,0.2409207172366697,2.75,3.5,5,37.125,34.75,33,19,4,1,47.25,30.25,5,1,6,2,6.7175144212722016,5.5497747702046425,1.3038404810405297,1.4142135623730951,1.816590212458495,NA,NA,NA,23.5,0.26154501202962077,2.5,3,4.25,36,37.75,NA,2024-01-31,0.6225165562913907,2,GSW,0.8335780828662879,1.211947935008054,0.21194082980830073,0.8772478392186621,2.6001458723165145,-0.48981389974194217,22.5,36.409701178628076,25.64779043234689,27.249139189349886,2.8367022119043876,4.14900108962849,NA
PF,Miles Bridges (32581375),Miles Bridges,32581375,PF/C/F/UTIL,8200,LAL@CHA 02/05/2024 07:00PM ET,CHA,38.52,2024-02-04,SF,IND,37,38,19,3,6,1,0.21739130434782608,0.2959496650027521,19.75,0.2777731935644623,4.25,9,2.25,42.5,32.5,30,9,6,3,68.75,20.75,15,5,6,1,18.305907516427585,7.483314773547883,1.1401754250991378,3.9370039370059056,2.1908902300206647,NA,NA,NA,20.25,0.25921492782487754,5,9.75,2.75,46.9375,37.5,NA,2024-02-02,0.54,1,LAL,0.43095524364298626,1.315178763229205,-0.21109407726545115,-0.6568799829844557,1.2541563644863787,1.1207436441394,23.5,36.67770104096406,4.680183955329618,17.98434622909527,3.649860210105033,9.593581939999222,NA
C,Mo Bamba (32581602),Mo Bamba,32581602,C/UTIL,4500,DAL@PHI 02/05/2024 07:00PM ET,PHI,11.90,2024-02-03,C,BKN,17.5,15,5,0,6,0,0,0.13564975677553856,6,0.15705105276101888,0.25,5.75,0.5,19.4375,12.5,11,4,2,0,24.75,12.5,9,3,2,0,4.699069056738792,2.9495762407505253,0.8944271909999159,2.16794833886788,0.8944271909999161,NA,NA,NA,6,0.16514495414684438,0.75,5.75,0.5,22.0625,17.25,NA,2024-02-01,0.34782608695652173,1,DAL,0.2030417386164794,0.31038296418223404,0.9293480661762941,0.2561241270071044,-1.189230555309486,1.3238490692391773,NA,17.80755851315818,-8.121363561773778,8.884084825443129,1.068838354453952,4.724779287760905,NA
SG,Moses Moody (32581711),Moses Moody,32581711,SG/G/UTIL,3600,GSW@BKN 02/05/2024 07:30PM ET,GSW,15.98,2024-01-10,SF,NOP,15.5,24,21,0,2,4,0.4444444444444444,0.32397965184662436,13.25,0.2729271584841191,0.25,2.25,2,19.3125,27.5,21,0,1,0,29.75,0,3,0,4,0,14.150309183901248,10.502380682492898,0.447213595499958,1.3038404810405297,2.1908902300206647,NA,NA,NA,8,0.19193224552246302,0.25,1.75,1,12.4375,10,NA,2024-01-07,0.8,2,BKN,-0.9371743122626746,-1.0259315223335255,-0.43830748866261554,-1.2824375500825766,-0.7821125991821526,-1.0615639903414216,NA,12.160967292550676,14.957583768593693,13.751899564224434,1.1502854191867817,1.8696822185058548,NA
PF,Naji Marshall (32581719),Naji Marshall,32581719,PF/F/UTIL,3500,TOR@NOP 02/05/2024 08:00PM ET,NOP,16.29,2024-02-02,PF,NOP,20,16,2,2,3,0,0.3333333333333333,0.18621953373366304,6,0.1555694171191194,2,3.75,0.25,15.5625,10.25,10,0,3,0,24.25,2.75,7,1,1,0,7.842193570679061,4.147288270665545,1.140175425099138,2.4899799195977463,0.447213595499958,NA,NA,NA,5.5,0.15326944195734832,1.5,3.25,0.25,13.6875,19.25,NA,2024-01-31,0.2857142857142857,1,TOR,0.6182743747242675,1.359064181151471,0.9417323358272512,0.7149101967454546,-1.4843977674288837,-0.13031902838830034,NA,19.38269951909257,2.9329387102523423,5.0366150084501875,1.2607464037329137,3.7178484125980744,NA
C,Nic Claxton (32581425),Nic Claxton,32581425,C/UTIL,6900,GSW@BKN 02/05/2024 07:30PM ET,BKN,34.38,2024-02-03,C,PHI,29.5,25,12,4,15,0,0,0.12742182070882557,11.25,0.16534374425955742,3.5,11.75,0,36.1875,45.75,16,10,4,2,45.75,30.75,15,9,0,0,7,2.2803508501982757,0.8944271909999159,2.4083189157584592,0,NA,NA,NA,12.25,0.16650632981099478,3.5,10.75,0,36.0625,32.75,NA,2024-01-31,0.37404580152671757,2,GSW,1.254524175113159,1.3592102817612894,1.3311124870321034,0.7497252283055916,0.5266123846660072,1.4157830323807865,12.5,30.915833328160748,4.358747322399553,12.67314751487236,2.0600902664053082,11.654405447469344,NA
C,Nick Richards (32581508),Nick Richards,32581508,C/UTIL,5700,LAL@CHA 02/05/2024 07:00PM ET,CHA,23.91,2024-02-04,C,IND,30.75,32,12,2,10,0,0,0.17490533717994952,8.75,0.11926833718924629,1.25,8.75,0,22.5625,25,26,5,2,1,51.25,19,13,6,0,0,13.102242174528755,8.136338242723198,0.44721359549995793,2.701851217221259,0,NA,NA,NA,12.25,0.13016885833623595,1,9.5,0,29.125,31.75,NA,2024-02-02,0.3858267716535433,1,LAL,0.7316637306634395,1.422139920816035,-0.32616574899810735,0.8731255036302141,0.9051071508370732,0.3125754746814718,NA,29.92430608934812,15.583544647469147,16.526628270714713,2.2897871968331613,8.729315878621497,NA
SG,Nick Smith Jr. (32581681),Nick Smith Jr.,32581681,SG/SF/F/G/UTIL,3800,LAL@CHA 02/05/2024 07:00PM ET,CHA,11.04,2024-02-04,NA,NA,17.25,25,2,2,2,0,0.5,0.13905517490082944,6.25,0.20427690496734113,0.75,1,1.5,10.75,11.5,12,2,4,0,15.5,7,2,0,3,0,3.1898275815473163,3.9115214431215892,1.6733200530681511,1.0954451150103324,1.140175425099138,NA,NA,NA,6.5,0.19186808220849927,1.25,0.5,1.75,10.75,15.75,NA,2024-02-02,0.4126984126984127,1,LAL,2.9514729523697683,2.6428303984488015,2.7487232593665416,2.054119990075037,2.1647738264550447,2.1899615018014833,NA,16.869108152019177,7.304406988744594,8.602971239483725,2.7375075799879034,2.5803977049779103,NA
PF,Nicolas Batum (32581565),Nicolas Batum,32581565,PF/F/UTIL,5200,DAL@PHI 02/05/2024 07:00PM ET,PHI,17.10,2024-01-29,PF,POR,25.5,24,3,1,4,1,0.8,0.09110787172011661,4.5,0.07555315534210276,2.5,4.75,1,15.8125,10,10,0,6,1,30,7.5,8,3,2,0,9.687943538233487,4.159326868617084,2.16794833886788,1.9235384061671348,0.7071067811865476,NA,NA,NA,6,0.0761980687412082,2.5,5,1,19.625,26.75,NA,2024-01-27,0.22429906542056074,1,DAL,1.0147362249739715,0.7600875311312608,1.4823391190680388,1.6239277857231043,-0.38897611466277826,1.3846396766257094,NA,24.845860994197,-1.2876054045091196,3.207804322982925,3.997055239973117,5.508239832175159,NA
SG,Norman Powell (32581560),Norman Powell,32581560,SG/SF/F/G/UTIL,5000,LAC@ATL 02/05/2024 07:30PM ET,LAC,20.81,2024-02-04,SG,MIA,26.5,28,16,1,1,2,0.5833333333333334,0.21715184893784423,15.75,0.21426186437542663,2,4,3,25,19.75,18,4,3,1,27.75,14,7,1,4,0,5.82129710631574,5.458937625582473,0.7071067811865476,2.23606797749979,1.51657508881031,NA,NA,NA,12.75,0.20170681152093378,2.25,4.75,2.5,23.5625,23.75,NA,2024-02-02,0.5368421052631579,1,ATL,1.1625378551602543,1.2687687204114262,1.884709117314865,0.16748012443617444,-1.4161041011120656,1.7263905983031966,NA,23.951441266404185,6.799042626276474,11.187009121580532,1.9942476413550305,2.6017867295009904,NA
PF,Onyeka Okongwu (32581550),Onyeka Okongwu,32581550,PF/C/F/UTIL,5100,LAC@ATL 02/05/2024 07:30PM ET,ATL,23.10,2024-02-03,C,GSW,27,36,22,0,16,2,0.3333333333333333,0.15326042932361275,14.5,0.12276890239989882,0.5,7.5,1,30,48.5,22,8,2,0,48.5,17.25,16,3,2,0,12.458681711962948,5.540758070878027,0.8366600265340756,5.167204273105526,0.8366600265340756,NA,NA,NA,11,0.12072757466741912,1,5,0.5,22.875,23.75,NA,2024-02-02,0.4631578947368421,0,LAC,-1.0575953271339915,-1.2562695085407478,-0.7783801563025401,-1.8468666449188356,-0.7084740967195611,0.9448129558151908,12.5,22.95972927578005,24.495357467702704,19.038337779856327,1.0840463117653207,12.687178685534967,NA
PG,Patrick Beverley (32581517),Patrick Beverley,32581517,PG/G/UTIL,5600,DAL@PHI 02/05/2024 07:00PM ET,PHI,16.28,2024-02-03,PG,BKN,23.5,19,9,9,3,1,0.375,0.21945064189312752,10.75,0.1947802132090982,5.25,3.25,1.25,24.9375,27.75,17,8,11,2,42.5,20.5,5,1,2,0,8.421327092566825,3.6742346141747673,3.5777087639996634,1.51657508881031,0.8366600265340756,NA,NA,NA,12.75,0.19591452587240352,5.75,3.5,1.25,28.625,27.75,NA,2024-02-01,0.4594594594594595,1,DAL,1.1541801321448149,1.2127902200969425,1.2806685391290475,0.4962274857233034,-1.0106282909660003,0.8237832172150945,NA,27.346567999934166,8.214496155097665,9.400608243196512,5.411034882664981,1.2415061185692902,NA
SG,Paul George (32581379),Paul George,32581379,SG/SF/F/G/UTIL,7900,LAC@ATL 02/05/2024 07:30PM ET,LAC,39.67,2024-02-04,SF,MIA,27,32,15,4,7,3,0.7692307692307693,0.28973249409913454,15.75,0.26944280012403743,3.75,5.5,2,33.875,33.25,21,13,7,1,42.5,28.75,7,2,3,0,5.33443998935221,3.03315017762062,2.489979919597747,1.9235384061671346,1.3038404810405297,NA,NA,NA,17.25,0.27178963011752505,3,4.25,2,33.4375,26,NA,2024-02-02,0.6634615384615384,1,ATL,1.1625378551602543,1.2687687204114262,1.884709117314865,0.16748012443617444,-1.4161041011120656,1.7263905983031966,NA,26.861111680671304,16.017281682696115,18.212506089790317,4.699159429594688,3.923955711546765,NA
PF,Paul Reed (32581467),Paul Reed,32581467,C/UTIL,6200,DAL@PHI 02/05/2024 07:00PM ET,PHI,16.75,2024-02-03,C,BKN,18.5,14,2,0,4,0,0,0.14891293557033652,5,0.14090012768461935,1.75,5.25,0.25,16.9375,7,30,0,4,0,54.25,1.25,13,1,2,0,21.15463897115713,11.979148550710939,1.8165902124584952,4.764451699828639,0.8944271909999157,NA,NA,NA,12,0.16042558278181956,2,7.5,0.75,28.75,25.5,NA,2024-02-01,0.47058823529411764,1,DAL,1.0147362249739715,0.7600875311312608,1.4823391190680388,1.6239277857231043,-0.38897611466277826,1.3846396766257094,NA,24.908541387972797,-3.7475692828783878,10.202717966954593,0.7436372640088649,2.7512278977901903,NA
SG,RJ Barrett (32581427),RJ Barrett,32581427,SG/SF/F/G/UTIL,6900,TOR@NOP 02/05/2024 08:00PM ET,TOR,31.71,2024-02-04,SG,OKC,36,43,23,4,7,2,0.3125,0.23761899023978797,23.5,0.26599742519827796,3.25,7.5,0.75,39.5,40.75,29,17,6,1,42.75,33,9,4,2,0,3.8462644214874255,4.43846820423443,1.7888543819998317,1.9235384061671346,0.8366600265340756,NA,NA,NA,22,0.26906014250038196,3.75,6.75,0.5,37.5625,33.75,NA,2024-01-26,0.6518518518518519,8,NOP,-0.8410399495621659,-0.9948987617254178,-1.0375660616506817,-0.697229813981633,-0.12463993051409411,-0.7971327003177494,NA,30.745793216517832,19.78541034833569,24.174971473175304,3.514550250836919,6.762812792446786,NA
SF,Royce O'Neale (32581666),Royce O'Neale,32581666,SF/PF/F/UTIL,3900,GSW@BKN 02/05/2024 07:30PM ET,BKN,20,2024-02-03,SF,PHI,21.75,26,8,2,4,2,0.8,0.09622066606083285,7,0.10255358620818891,1.25,3.75,2,16.6875,16.5,11,3,2,0,28.5,6.25,6,1,3,1,8.07465169527454,3.420526275297414,0.8944271909999159,1.7888543819998317,0.8366600265340756,NA,NA,NA,5.75,0.11540093580146492,1.25,3.75,1.75,15.8125,19.5,NA,2024-01-31,0.2948717948717949,2,GSW,0.8335780828662879,1.211947935008054,0.21194082980830073,0.8772478392186621,2.6001458723165145,-0.48981389974194217,NA,19.094016889145472,5.827989814454745,9.219282805998049,0.8392393520259095,4.390633028712575,NA
SF,Rui Hachimura (32581604),Rui Hachimura,32581604,SF/PF/F/UTIL,4600,LAL@CHA 02/05/2024 07:00PM ET,LAL,19.30,2024-02-03,SF,NYK,24.25,19,7,1,4,0,0.4,0.17940805771654572,13.5,0.1924098293559998,1.5,5.25,1.75,24.6875,13,16,7,4,0,33.5,13,8,4,3,0,8.359874400970387,3.9370039370059056,1.6431676725154982,1.7320508075688772,1.140175425099138,NA,NA,NA,14.5,0.183784335480377,1.25,5.25,2,25.4375,23.75,NA,2024-02-01,0.6105263157894737,1,CHA,-0.4040017368926305,-0.6152185598889222,-0.36944114097329944,0.5153877447729447,0.03936450862835743,-0.29049249366760455,NA,23.707090940722,5.284128370218966,7.125930647023198,2.6344639365357954,6.4542226018513915,NA
PG,Russell Westbrook (32581455),Russell Westbrook,32581455,PG/G/UTIL,6500,LAC@ATL 02/05/2024 07:30PM ET,LAC,27.95,2024-02-04,PG,MIA,20.75,15,5,2,1,1,0.4444444444444444,0.37765538945712035,12.5,0.29226512855600434,5.25,2.75,0.75,24.5625,10.25,23,4,9,2,44.25,10.25,4,1,2,0,12.93565808144294,7.694153624668537,2.863564212655271,1.224744871391589,0.8944271909999159,NA,NA,NA,12.25,0.26541884875929184,6,3.5,0.5,26,20.75,NA,2024-02-02,0.5903614457831325,1,ATL,2.2978259538686507,1.6028816193938635,2.8986867068569357,-0.46047204858258123,0.6314336230452543,2.838343122821675,NA,22.21450150449614,10.126932389314359,14.959299434698808,3.536705540988159,1.2639661745807635,NA
SF,Saddiq Bey (32581473),Saddiq Bey,32581473,SF/PF/F/UTIL,6100,LAC@ATL 02/05/2024 07:30PM ET,ATL,25.97,2024-02-02,PF,PHX,32.25,16,2,0,3,0,0.42857142857142855,0.18763402430307363,15.5,0.18500540021645492,2.5,7.75,0.75,30.0625,5.75,26,2,5,0,47.75,5.75,13,3,3,0,15.35822255340767,8.717797887081348,1.8165902124584952,3.5777087639996634,1.3038404810405297,NA,NA,NA,19.5,0.19364163851810165,3.25,8.75,1.5,37.3125,34.75,NA,2024-01-30,0.5611510791366906,2,LAC,-0.6390704841906127,-0.4873169052461319,-0.22242501043082774,-0.9877234167708038,-0.7876034179938733,0.14801459969594388,NA,32.965043170815434,-11.967233184072906,4.56514781102388,0.8118598901780452,4.8764803050987195,NA
PG,Scottie Barnes (32581360),Scottie Barnes,32581360,PG/SF/F/G/UTIL,8800,TOR@NOP 02/05/2024 08:00PM ET,TOR,44.89,2024-02-04,PF,OKC,38.5,48,19,9,7,3,0.3333333333333333,0.1803891407599309,21,0.23675954990573694,7,5.5,1,39.625,43.25,28,13,9,4,44.75,28,7,4,3,0,6.843336174703095,5.683308895353129,2.3021728866442674,1.51657508881031,1.224744871391589,NA,NA,NA,22,0.2658814123955946,5.75,5,0.5,38.125,35,NA,2024-02-02,0.6285714285714286,1,NOP,-0.5235371849665669,-1.3417173977231571,-0.46693426946554445,-1.1562535280777722,-0.41766148868416003,0.21941524553311947,NA,34.59727936804652,17.24519175305591,20.731930348410994,7.117871239911247,6.794188661460028,NA
PG,Spencer Dinwiddie (32581572),Spencer Dinwiddie,32581572,PG/G/UTIL,5000,GSW@BKN 02/05/2024 07:30PM ET,BKN,28.39,2024-02-03,PG,PHI,28.75,25,3,6,3,1,1,0.08339124391938846,7.75,0.1353390123278842,7,2.25,0.75,23.1875,16.25,16,2,9,2,29,16.25,3,2,3,0,5.18411033833193,6.324555320336759,2.7386127875258306,0.44721359549995793,1.3038404810405297,NA,NA,NA,10.5,0.1554253173413732,6,2,1.25,24.375,30.5,NA,2024-01-31,0.3442622950819672,2,GSW,-0.21708451817454744,0.5862797909231091,0.20676267559283903,-0.7503809983722446,-1.6492079241926016,0.7300827564892062,10.5,28.87559676662474,1.5309466899481912,6.483702846868646,3.3966634004668053,3.4876696088558297,NA
PG,Stephen Curry (32581347),Stephen Curry,32581347,PG/G/UTIL,9400,GSW@BKN 02/05/2024 07:30PM ET,GSW,44.49,2024-02-03,PG,ATL,37.75,41,60,4,6,10,0.6052631578947368,0.417010935601458,40.75,0.35537649937504184,6,5.75,7.75,61.0625,79.5,60,20,7,2,79.5,39,8,3,10,4,15.711858578793281,14.923136399564267,2.16794833886788,1.7888543819998317,2.4083189157584592,NA,NA,NA,34,0.33780993957855443,5.5,5.75,6.75,53.0625,36.5,NA,2024-02-02,0.9315068493150684,0,BKN,-0.4602480472595179,0.26474991029050393,-0.13975094970817933,-0.8083627883301777,-0.3173132606056932,-0.24440203506002234,29.5,37.36149762791554,37.185924385511456,41.16881677492898,3.0066952437941015,4.892373855413241,NA
SF,Taurean Prince (32581646),Taurean Prince,32581646,SF/F/UTIL,4000,LAL@CHA 02/05/2024 07:00PM ET,LAL,19.17,2024-02-03,SF,NYK,29.5,32,16,2,2,3,0.6,0.19260941370767962,9.75,0.14090614960375897,1.25,3.75,1.5,18.9375,24,16,0,2,0,28.5,6.75,8,2,3,0,9.258442093570602,6.058052492344384,0.8366600265340756,2.5099800796022267,1.0954451150103324,NA,NA,NA,5.75,0.10584586355374663,1,4,0.75,14.625,27.5,NA,2024-02-01,0.20909090909090908,1,CHA,-0.4040017368926305,-0.6152185598889222,-0.36944114097329944,0.5153877447729447,0.03936450862835743,-0.29049249366760455,NA,25.90146446407077,10.042542987885527,11.822851007046932,1.320136643712516,6.456389668443513,NA
PG,Terance Mann (32581626),Terance Mann,32581626,PG/SG/G/UTIL,4300,LAC@ATL 02/05/2024 07:30PM ET,LAC,16.10,2024-02-04,PF,MIA,22.75,19,7,1,5,1,0.4,0.12422874653194749,7.5,0.11071380819742693,1,2.25,0.5,12.9375,15.25,14,5,3,0,26.5,11,6,0,1,0,6.251499820043187,3.96232255123179,1.140175425099138,2.5495097567963922,0.5477225575051662,NA,NA,NA,9.25,0.13404851345633195,1.5,2.5,0.5,15.75,24,NA,2024-02-02,0.3854166666666667,1,ATL,2.2978259538686507,1.6028816193938635,2.8986867068569357,-0.46047204858258123,0.6314336230452543,2.838343122821675,8.5,23.246136898175713,12.646943918059556,8.913722282744063,0.9168478346219985,3.4954616521645185,NA
C,Thaddeus Young (32581598),Thaddeus Young,32581598,C/UTIL,4700,TOR@NOP 02/05/2024 08:00PM ET,TOR,14.08,2024-02-04,C,OKC,24,18,6,4,5,0,0.25,0.10434657455382844,8.5,0.11518300052362715,3,4.75,0,19.5625,22.25,16,4,6,1,32,10.5,6,4,0,0,9.484197383015603,4.8166378315169185,2.16794833886788,1,0,NA,NA,NA,10,0.1202881337900717,3,5,0,21.375,25.25,NA,2024-02-02,0.39603960396039606,1,NOP,0.25705624734062155,0.3523360568853907,0.3317234901532794,0.25612412700710496,-0.06636274900199239,1.9673868112304445,NA,24.144186885363958,3.894957497892822,7.870756349721075,3.1704450793407544,4.821739624954645,NA
SG,Tim Hardaway Jr. (32581462),Tim Hardaway Jr.,32581462,SG/SF/F/G/UTIL,6200,DAL@PHI 02/05/2024 07:00PM ET,DAL,27.73,2024-02-03,SG,MIL,35,38,18,2,2,4,0.5333333333333333,0.19302966507177036,21.75,0.24743765298479362,1.5,4.25,3.5,33.0625,29,36,13,3,1,51.5,23,8,2,5,2,11.635613434623892,9.300537618869138,0.8366600265340756,2.280350850198276,1.140175425099138,NA,NA,NA,20.5,0.2521301385726683,1.75,4.75,3.25,31.5625,33.5,NA,2024-01-31,0.6119402985074627,2,PHI,1.1259035328012326,-0.4518254510832951,1.3395403917699042,1.857595004070991,-0.6236147236996726,2.0267323104288493,NA,32.71292613940505,30.847590469482913,28.95294275384592,3.1411213351546667,5.1139582036294895,NA
SF,Tobias Harris (32581398),Tobias Harris,32581398,SF/PF/F/UTIL,7400,DAL@PHI 02/05/2024 07:00PM ET,PHI,33.22,2024-02-01,SF,UTA,32.5,39,28,7,5,0,0.23809523809523808,0.25111181246951486,19.25,0.2277221470008679,4,5.25,0.5,33.8125,48.75,28,9,7,1,48.75,15.5,10,2,2,0,13.84896205497004,8.018728078691781,2.701851217221259,2.9495762407505253,0.8944271909999159,NA,NA,NA,17.5,0.22989195548149707,3.75,5.25,0.75,30.5625,31.5,NA,2024-01-30,0.5555555555555556,1,DAL,0.4815871201153998,0.14827601119302675,0.4725603339517721,1.6288034199905361,-0.47749044551053765,0.34069195890114023,22.5,31.06677349691129,17.215128273874612,19.532909548272308,4.1728819606820995,6.030953258241625,NA
PG,Trae Young (32581344),Trae Young,32581344,PG/G/UTIL,9500,LAC@ATL 02/05/2024 07:30PM ET,ATL,51.05,2024-02-03,PG,GSW,39.75,42,35,6,0,7,0.5238095238095238,0.25013018573164375,30.75,0.2811669862419298,11.5,1.25,5.25,54.8125,48,35,26,15,6,65.25,48,2,0,7,1,6.40458819909602,3.286335345030997,3.361547262794322,0.8366600265340756,2.8809720581775866,NA,NA,NA,29.5,0.29956202400212767,12.75,1.5,4,56.625,37.5,NA,2024-02-02,0.7866666666666666,0,LAC,-0.24206707253259105,0.18436744013235423,-0.49485582191748456,0.40925480078640564,0.26653097548719723,-1.3781776098432614,26.5,37.73745713116719,19.864244526972634,31.019074537074374,6.697004068114069,1.8514139435728534,NA
PF,Trey Lyles (32581733),Trey Lyles,32581733,PF/C/F/UTIL,3400,SAC@CLE 02/05/2024 07:00PM ET,SAC,16.56,2024-02-03,PF,CHI,19.75,23,16,3,5,5,0.875,0.193223005382729,11,0.1712680573459625,1.5,3.25,2.75,20.1875,32.25,16,1,3,0,32.25,9,5,1,5,0,8.673594987085805,6.041522986797286,1.140175425099138,1.5165750888103102,1.9235384061671346,NA,NA,NA,7.25,0.14875160477063587,1,3,1.5,14.375,18.25,NA,2024-02-02,0.3972602739726027,0,CLE,0.12106029280560592,-0.29197640662701463,-0.10156854715432764,-0.06188665201726591,0.20133444266117592,0.9448129558151908,NA,18.405983134553132,16.699600825273265,9.270606540983856,1.8544853021992658,3.2125990468536,NA
SG,Trey Murphy III (32581593),Trey Murphy III,32581593,SG/SF/F/G/UTIL,4700,TOR@NOP 02/05/2024 08:00PM ET,NOP,23.12,2024-02-02,PF,NOP,27.25,26,9,0,1,1,0.2222222222222222,0.16370948020541806,10.75,0.1876508674185627,0.5,4.5,2,18.75,14.25,15,6,2,0,23,14.25,7,1,3,1,3.931443755161709,3.7815340802378077,0.8366600265340756,2.3021728866442674,1,NA,NA,NA,12,0.2073429232311993,1,5.25,2.25,20.9375,26.75,NA,2024-01-31,0.4485981308411215,1,TOR,0.6250705486044571,0.5653594799606793,0.12963590948996725,-0.011575973923065887,0.9085314059642882,-0.539230577948985,NA,26.633855456215354,6.599381990228601,9.761650371720282,1.1556731457902478,2.667638599105287,NA
C,Tristan Thompson (32581817),Tristan Thompson,32581817,C/UTIL,3000,SAC@CLE 02/05/2024 07:00PM ET,CLE,11.06,2024-01-22,NA,NA,16.5,20,4,1,5,0,0,0.19085123631941628,5,0.1479780998443307,1.75,5.25,0,15.3125,15.25,6,1,3,0,20.75,5,9,2,0,0,6.555055301063447,2.04939015319192,1.140175425099138,2.8809720581775866,0,NA,NA,NA,4.25,0.13328292240612544,1.5,4.5,0,12.75,13.75,NA,2024-01-20,0.3090909090909091,1,SAC,-0.7245674245395006,-0.11963623602518036,0.06555456133630416,-0.8544783509144921,-0.9873666800182509,0.8641792535311282,NA,14.33332487154423,1.9488235924696111,3.980563883840949,1.1261410792619624,5.526781449175982,NA
PG,Tyrese Maxey (32581353),Tyrese Maxey,32581353,PG/G/UTIL,9100,DAL@PHI 02/05/2024 07:00PM ET,PHI,44.43,2024-02-03,PG,BKN,35,30,23,5,3,3,0.34782608695652173,0.37025712300208474,28.5,0.2970778885865182,4,2.5,3.25,41.25,41.25,51,16,8,1,60.5,28.25,4,1,7,1,12.23340712965934,14.265342617687105,3.2710854467592254,1.140175425099138,2.4899799195977463,NA,NA,NA,26.75,0.2661837931515025,4.75,2.5,2.75,40,38,NA,2024-02-01,0.7039473684210527,1,DAL,1.1541801321448149,1.2127902200969425,1.2806685391290475,0.4962274857233034,-1.0106282909660003,0.8237832172150945,29.5,37.20697487251259,28.025764430578874,35.29720148669044,3.3117075788964834,2.261717079808107,NA
PF,Zion Williamson (32581395),Zion Williamson,32581395,PF/F/UTIL,7500,TOR@NOP 02/05/2024 08:00PM ET,NOP,37.83,2024-02-02,C,NOP,30,35,33,4,8,0,0,0.3371105616389969,24.75,0.31279997107880764,5,4.25,0,39.0625,52.5,33,17,11,1,52.5,28,8,2,1,0,9.500986790854938,5.770615218501403,3.96232255123179,2.345207879911715,0.44721359549995804,NA,NA,NA,22.5,0.29793225447167093,4.25,3,0.25,33.625,29.25,NA,2024-01-29,0.7692307692307693,3,TOR,0.6182743747242675,1.359064181151471,0.9417323358272512,0.7149101967454546,-1.4843977674288837,-0.13031902838830034,23.5,29.497692679065995,32.04549082860325,26.95405022109949,7.16669088798491,6.289552307780413,NA
