GameDate, GameID, Visitor, Home, HomeWin
2025-01-01,0022400455,ORL,DET
2025-01-01,0022400456,CHI,WAS
2025-01-01,0022400457,NOP,MIA
2025-01-01,0022400458,UTA,NYK
2025-01-01,0022400459,BKN,TOR
2025-01-01,0022400460,DAL,HOU
2025-01-01,0022400461,ATL,DEN
2025-01-01,0022400462,PHI,SAC
2025-01-02,0022400463,IND,MIA
2025-01-02,0022400464,BOS,MIN
2025-01-02,0022400465,BKN,MIL
2025-01-02,0022400466,LAC,OKC
2025-01-02,0022400467,PHI,GSW
2025-01-02,0022400468,POR,LAL
2025-01-03,0022400469,CHA,DET
2025-01-03,0022400470,ORL,TOR
2025-01-03,0022400471,BOS,HOU
2025-01-03,0022400472,WAS,NOP
2025-01-03,0022400473,NYK,OKC
2025-01-03,0022400474,CLE,DAL
2025-01-03,0022400475,SAS,DEN
2025-01-03,0022400476,MEM,SAC
2025-01-03,0022400477,ATL,LAL
2025-01-04,0022400478,PHI,BKN
2025-01-04,0022400479,MIN,DET
2025-01-04,0022400480,PHX,IND
2025-01-04,0022400481,UTA,MIA
2025-01-04,0022400482,NYK,CHI
2025-01-04,0022400483,POR,MIL
2025-01-04,0022400484,DEN,SAS
2025-01-04,0022400485,MEM,GSW
2025-01-04,0022400486,ATL,LAC
2025-01-05,0022400487,BOS,OKC
2025-01-05,0022400488,CHA,CLE
2025-01-05,0022400489,NOP,WAS
2025-01-05,0022400490,UTA,ORL
2025-01-05,0022400491,LAL,HOU
2025-01-05,0022400492,SAC,GSW
2025-01-06,0022400493,POR,DET
2025-01-06,0022400494,PHX,PHI
2025-01-06,0022400495,IND,BKN
2025-01-06,0022400496,ORL,NYK
2025-01-06,0022400497,MIL,TOR
2025-01-06,0022400498,SAS,CHI
2025-01-06,0022400499,DAL,MEM
2025-01-06,0022400500,LAC,MIN
2025-01-06,0022400501,MIA,SAC
2025-01-07,0022400502,PHX,CHA
2025-01-07,0022400503,HOU,WAS
2025-01-07,0022400504,LAL,DAL
2025-01-07,0022400505,MIN,NOP
2025-01-07,0022400506,ATL,UTA
2025-01-07,0022400507,BOS,DEN
2025-01-07,0022400508,MIA,GSW
2025-01-08,0022400509,OKC,CLE
2025-01-08,0022400510,CHI,IND
2025-01-08,0022400512,WAS,PHI
2025-01-08,0022400511,TOR,NYK
2025-01-08,0022400513,DET,BKN
2025-01-08,0022400514,POR,NOP
2025-01-08,0022400515,LAC,DEN
2025-01-08,0022400516,SAS,MIL
2025-01-09,0022400517,TOR,CLE
2025-01-09,0022400518,GSW,DET
2025-01-09,0022400519,MIN,ORL
2025-01-09,0022400520,HOU,MEM
2025-01-09,0022400521,POR,DAL
2025-01-09,0022400522,ATL,PHX
2025-01-09,0022400523,MIA,UTA
2025-01-09,0022400524,CHA,LAL
2025-01-10,0022400525,GSW,IND
2025-01-10,0022400526,MIL,ORL
2025-01-10,0022400527,NOP,PHI
2025-01-10,0022400528,SAC,BOS
2025-01-10,0022400529,OKC,NYK
2025-01-10,0022400530,WAS,CHI
2025-01-10,0022400531,BKN,DEN
2025-01-11,0022400532,HOU,ATL
2025-01-11,0022400533,UTA,PHX
2025-01-11,0022400534,TOR,DET
2025-01-11,0022400535,MEM,MIN
2025-01-11,0022400536,MIA,POR
2025-01-11,0022400537,SAS,LAL
2025-01-11,0022400538,CHA,LAC
2025-01-12,0022400539,MIL,NYK
2025-01-12,0022400540,DEN,DAL
2025-01-12,0022400541,SAC,CHI
2025-01-12,0022400542,NOP,BOS
2025-01-12,0022400543,IND,CLE
2025-01-12,0022400544,PHI,ORL
2025-01-12,0022400545,OKC,WAS
2025-01-12,0022400546,BKN,UTA
2025-01-12,0022400547,CHA,PHX
2025-01-13,0022400548,MIN,WAS
2025-01-13,0022400549,DET,NYK
2025-01-13,0022400550,GSW,TOR
2025-01-13,0022400551,MEM,HOU
2025-01-13,0022400552,SAS,LAL
2025-01-13,0022400553,MIA,LAC
2025-01-14,0022400554,CLE,IND
2025-01-14,0022400555,OKC,PHI
2025-01-14,0022400556,PHX,ATL
2025-01-14,0022400557,NOP,CHI
2025-01-14,0022400558,SAC,MIL
2025-01-14,0022400559,DEN,DAL
2025-01-14,0022400560,BKN,POR
2025-01-15,0022400561,NYK,PHI
2025-01-15,0022400562,BOS,TOR
2025-01-15,0022400563,ATL,CHI
2025-01-15,0022400564,ORL,MIL
2025-01-15,0022400565,GSW,MIN
2025-01-15,0022400566,DAL,NOP
2025-01-15,0022400567,MEM,SAS
2025-01-15,0022400568,HOU,DEN
2025-01-15,0022400569,CHA,UTA
2025-01-15,0022400570,MIA,LAL
2025-01-15,0022400571,BKN,LAC
2025-01-16,0022400572,IND,DET
2025-01-16,0022400573,PHX,WAS
2025-01-16,0022400574,CLE,OKC
2025-01-16,0022400575,LAC,POR
2025-01-16,0022400576,HOU,SAC
2025-01-17,0022400577,ORL,BOS
2025-01-17,0022400578,MIN,NYK
2025-01-17,0022400579,DEN,MIA
2025-01-17,0022400580,TOR,MIL
2025-01-17,0022400581,UTA,NOP
2025-01-17,0022400582,MEM,SAS
2025-01-17,0022400583,OKC,DAL
2025-01-17,0022400584,CHA,CHI
2025-01-17,0022400585,BKN,LAL
2025-01-18,0022400586,PHX,DET
2025-01-18,0022400587,ATL,BOS
2025-01-18,0022400588,PHI,IND
2025-01-18,0022400589,WAS,GSW
2025-01-18,0022400590,CLE,MIN
2025-01-18,0022400591,HOU,POR
2025-01-19,0022400592,SAS,MIA
2025-01-19,0022400593,DEN,ORL
2025-01-19,0022400594,PHI,MIL
2025-01-19,0022400595,BKN,OKC
2025-01-19,0022400596,LAL,LAC
2025-01-19,0022400597,CHI,POR
2025-01-19,0022400598,WAS,SAC
2025-01-20,0022400599,DAL,CHA
2025-01-20,0022400600,DET,HOU
2025-01-20,0022400601,MIN,MEM
2025-01-20,0022400602,ATL,NYK
2025-01-20,0022400603,PHX,CLE
2025-01-20,0022400604,BOS,GSW
2025-01-20,0022400605,UTA,NOP
2025-01-21,0022400606,NYK,BKN
2025-01-21,0022400607,POR,MIA
2025-01-21,0022400608,ORL,TOR
2025-01-21,0022400609,PHI,DEN
2025-01-21,0022400610,WAS,LAL
2025-01-21,0022400611,CHI,LAC
2025-01-22,0022400612,DET,ATL
2025-01-22,0022400613,PHX,BKN
2025-01-22,0022400614,MIN,DAL
2025-01-22,0022400615,CLE,HOU
2025-01-22,0022400616,CHA,MEM
2025-01-22,0022400617,MIL,NOP
2025-01-22,0022400618,UTA,OKC
2025-01-22,0022400619,GSW,SAC
2025-01-22,0022400620,BOS,LAC
2025-01-23,0022400621,SAS,IND
2025-01-23,0022400622,POR,ORL
2025-01-23,0022400623,TOR,ATL
2025-01-23,0022400624,MIA,MIL
2025-01-23,0022400625,DAL,OKC
2025-01-23,0022400626,SAC,DEN
2025-01-23,0022400627,WAS,UTA
2025-01-23,0022400628,CHI,GSW
2025-01-23,0022400629,BOS,LAL
2025-01-24,0022400630,POR,CHA
2025-01-24,0022400631,CLE,PHI
2025-01-24,0022400632,NOP,MEM
2025-01-25,0022400633,IND,SAS
2025-01-25,0022400634,DEN,MIN
2025-01-25,0022400635,BOS,DAL
2025-01-25,0022400636,MIA,BKN
2025-01-25,0022400637,NOP,CHA
2025-01-25,0022400638,DET,ORL
2025-01-25,0022400639,TOR,ATL
2025-01-25,0022400640,HOU,CLE
2025-01-25,0022400641,SAC,NYK
2025-01-25,0022400642,PHI,CHI
2025-01-25,0022400643,UTA,MEM
2025-01-25,0022400644,LAL,GSW
2025-01-25,0022400645,WAS,PHX
2025-01-25,0022400646,MIL,LAC
2025-01-26,0022400647,OKC,POR
2025-01-27,0022400648,LAL,CHA
2025-01-27,0022400649,DET,CLE
2025-01-27,0022400650,HOU,BOS
2025-01-27,0022400651,SAC,BKN
2025-01-27,0022400652,ORL,MIA
2025-01-27,0022400653,MEM,NYK
2025-01-27,0022400654,NOP,TOR
2025-01-27,0022400655,DEN,CHI
2025-01-27,0022400656,ATL,MIN
2025-01-27,0022400657,WAS,DAL
2025-01-27,0022400658,MIL,UTA
2025-01-27,0022400659,LAC,PHX
2025-01-28,0022400660,LAL,PHI
2025-01-28,0022400661,UTA,GSW
2025-01-28,0022400662,MIL,POR
2025-01-29,0022400663,BKN,CHA
2025-01-29,0022400664,DET,IND
2025-01-29,0022400665,TOR,WAS
2025-01-29,0022400666,CHI,BOS
2025-01-29,0022400667,CLE,MIA
2025-01-29,0022400668,DEN,NYK
2025-01-29,0022400669,SAC,PHI
2025-01-29,0022400670,DAL,NOP
2025-01-29,0022400671,LAC,SAS
2025-01-29,0022400672,MIN,PHX
2025-01-29,0022400673,OKC,GSW
2025-01-30,0022400674,LAL,WAS
2025-01-30,0022400675,ATL,CLE
2025-01-30,0022400676,HOU,MEM
2025-01-30,0022400677,MIN,UTA
2025-01-30,0022400678,ORL,POR
2025-01-31,0022400679,LAC,CHA
2025-01-31,0022400680,DAL,DET
2025-01-31,0022400681,DEN,PHI
2025-01-31,0022400682,CHI,TOR
2025-01-31,0022400683,BOS,NOP
2025-01-31,0022400684,MIL,SAS
2025-01-31,0022400685,PHX,GSW
2025-02-01,0022400686,ATL,IND
2025-02-01,0022400687,ORL,UTA
2025-02-01,0022400688,DEN,CHA
2025-02-01,0022400689,BKN,HOU
2025-02-01,0022400690,WAS,MIN
2025-02-01,0022400691,SAC,OKC
2025-02-01,0022400692,LAL,NYK
2025-02-01,0022400693,MIA,SAS
2025-02-01,0022400694,PHX,POR
2025-02-02,0022400695,CHI,DET
2025-02-02,0022400696,DAL,CLE
2025-02-02,0022400697,LAC,TOR
2025-02-02,0022400698,BOS,PHI
2025-02-02,0022400699,MEM,MIL
2025-02-03,0022400700,WAS,CHA
2025-02-03,0022400701,ATL,DET
2025-02-03,0022400702,HOU,NYK
2025-02-03,0022400703,SAS,MEM
2025-02-03,0022400704,SAC,MIN
2025-02-03,0022400705,MIL,OKC
2025-02-03,0022400706,NOP,DEN
2025-02-03,0022400707,IND,UTA
2025-02-03,0022400708,ORL,GSW
2025-02-03,0022400709,PHX,POR
2025-02-04,0022400710,BOS,CLE
2025-02-04,0022400711,HOU,BKN
2025-02-04,0022400712,DAL,PHI
2025-02-04,0022400713,NYK,TOR
2025-02-04,0022400714,MIA,CHI
2025-02-04,0022400715,LAL,LAC
2025-02-04,0022400716,IND,POR
2025-02-05,0022400717,MIL,CHA
2025-02-05,0022400718,CLE,DET
2025-02-05,0022400719,SAS,ATL
2025-02-05,0022400720,WAS,BKN
2025-02-05,0022400721,MIA,PHI
2025-02-05,0022400722,MEM,TOR
2025-02-05,0022400723,CHI,MIN
2025-02-05,0022400724,PHX,OKC
2025-02-05,0022400725,GSW,UTA
2025-02-05,0022400726,NOP,DEN
2025-02-05,0022400727,ORL,SAC
2025-02-06,0022400728,DAL,BOS
2025-02-06,0022400729,HOU,MIN
2025-02-06,0022400730,ORL,DEN
2025-02-06,0022400731,GSW,LAL
2025-02-06,0022400732,SAC,POR
2025-02-06,0022400733,IND,LAC
2025-02-07,0022400734,SAS,CHA
2025-02-07,0022400735,CLE,WAS
2025-02-07,0022400736,MIL,ATL
2025-02-07,0022400737,MIA,BKN
2025-02-07,0022400738,PHI,DET
2025-02-07,0022400739,TOR,OKC
2025-02-07,0022400740,UTA,PHX
2025-02-08,0022400741,HOU,DAL
2025-02-08,0022400742,IND,LAL
2025-02-08,0022400743,SAS,ORL
2025-02-08,0022400744,ATL,WAS
2025-02-08,0022400745,GSW,CHI
2025-02-08,0022400746,OKC,MEM
2025-02-08,0022400747,POR,MIN
2025-02-08,0022400748,BOS,NYK
2025-02-08,0022400749,DEN,PHX
2025-02-08,0022400750,NOP,SAC
2025-02-08,0022400751,UTA,LAC
2025-02-09,0022400752,CHA,DET
2025-02-09,0022400753,TOR,HOU
2025-02-09,0022400754,PHI,MIL
2025-02-10,0022400755,MIN,CLE
2025-02-10,0022400756,ATL,ORL
2025-02-10,0022400757,SAS,WAS
2025-02-10,0022400758,CHA,BKN
2025-02-10,0022400759,BOS,MIA
2025-02-10,0022400760,GSW,MIL
2025-02-10,0022400761,NOP,OKC
2025-02-10,0022400762,SAC,DAL
2025-02-10,0022400763,POR,DEN
2025-02-11,0022400764,TOR,PHI
2025-02-11,0022400765,NYK,IND
2025-02-11,0022400766,DET,CHI
2025-02-11,0022400767,MEM,PHX
2025-02-11,0022400768,UTA,LAL
2025-02-12,0022400769,SAS,BOS
2025-02-12,0022400770,CHA,ORL
2025-02-12,0022400771,IND,WAS
2025-02-12,0022400772,PHI,BKN
2025-02-12,0022400773,ATL,NYK
2025-02-12,0022400774,CLE,TOR
2025-02-12,0022400775,DET,CHI
2025-02-12,0022400776,MIL,MIN
2025-02-12,0022400777,SAC,NOP
2025-02-12,0022400778,MIA,OKC
2025-02-12,0022400779,PHX,HOU
2025-02-12,0022400780,POR,DEN
2025-02-12,0022400781,LAL,UTA
2025-02-12,0022400782,GSW,DAL
2025-02-12,0022400783,MEM,LAC
2025-02-13,0022400784,GSW,HOU
2025-02-13,0022400785,SAC,NOP
2025-02-13,0022400786,MIA,DAL
2025-02-13,0022400787,OKC,MIN
2025-02-20,0022400788,MEM,IND
2025-02-20,0022400789,BOS,PHI
2025-02-20,0022400790,ORL,ATL
2025-02-20,0022400791,CLE,BKN
2025-02-20,0022400792,CHI,NYK
2025-02-20,0022400793,LAC,MIL
2025-02-20,0022400794,CHA,DEN
2025-02-20,0022400795,PHX,SAS
2025-02-20,0022400796,LAL,POR
2025-02-21,0022400797,NYK,CLE
2025-02-21,0022400798,MEM,ORL
2025-02-21,0022400799,MIL,WAS
2025-02-21,0022400800,MIA,TOR
2025-02-21,0022400801,MIN,HOU
2025-02-21,0022400802,DET,SAS
2025-02-21,0022400803,NOP,DAL
2025-02-21,0022400804,OKC,UTA
2025-02-21,0022400805,GSW,SAC
2025-02-22,0022400806,PHX,CHI
2025-02-22,0022400807,BKN,PHI
2025-02-22,0022400808,LAL,DEN
2025-02-22,0022400809,HOU,UTA
2025-02-22,0022400810,CHA,POR
2025-02-23,0022400811,NYK,BOS
2025-02-23,0022400812,DAL,GSW
2025-02-23,0022400813,LAC,IND
2025-02-23,0022400814,DET,ATL
2025-02-23,0022400815,WAS,ORL
2025-02-23,0022400816,PHX,TOR
2025-02-23,0022400817,MIA,MIL
2025-02-23,0022400818,SAS,NOP
2025-02-23,0022400819,MEM,CLE
2025-02-23,0022400820,OKC,MIN
2025-02-24,0022400821,LAC,DET
2025-02-24,0022400822,DEN,IND
2025-02-24,0022400823,CHI,PHI
2025-02-24,0022400824,BKN,WAS
2025-02-24,0022400825,MIA,ATL
2025-02-24,0022400826,MIN,OKC
2025-02-24,0022400827,POR,UTA
2025-02-24,0022400828,CHA,SAC
2025-02-25,0022400829,BOS,TOR
2025-02-25,0022400830,CLE,ORL
2025-02-25,0022400831,MIL,HOU
2025-02-25,0022400832,PHX,MEM
2025-02-25,0022400833,SAS,NOP
2025-02-25,0022400834,CHA,GSW
2025-02-25,0022400835,DAL,LAL
2025-02-26,0022400836,BOS,DET
2025-02-26,0022400837,TOR,IND
2025-02-26,0022400838,PHI,NYK
2025-02-26,0022400839,POR,WAS
2025-02-26,0022400840,OKC,BKN
2025-02-26,0022400841,ATL,MIA
2025-02-26,0022400842,LAC,CHI
2025-02-26,0022400843,SAC,UTA
2025-02-26,0022400844,SAS,HOU
2025-02-27,0022400845,GSW,ORL
2025-02-27,0022400846,DEN,MIL
2025-02-27,0022400847,CHA,DAL
2025-02-27,0022400848,NOP,PHX
2025-02-27,0022400849,MIN,LAL
2025-02-28,0022400850,DEN,DET
2025-02-28,0022400851,OKC,ATL
2025-02-28,0022400852,CLE,BOS
2025-02-28,0022400853,POR,BKN
2025-02-28,0022400854,IND,MIA
2025-02-28,0022400855,TOR,CHI
2025-02-28,0022400856,NYK,MEM
2025-02-28,0022400857,NOP,PHX
2025-02-28,0022400858,MIN,UTA
2025-02-28,0022400859,LAC,LAL
2025-03-01,0022400860,WAS,CHA
2025-03-01,0022400861,BKN,DET
2025-03-01,0022400862,SAC,HOU
2025-03-01,0022400863,SAS,MEM
2025-03-01,0022400864,GSW,PHI
2025-03-01,0022400865,MIL,DAL
2025-03-02,0022400866,DEN,BOS
2025-03-02,0022400867,POR,CLE
2025-03-02,0022400868,CHI,IND
2025-03-02,0022400869,NYK,MIA
2025-03-02,0022400870,TOR,ORL
2025-03-02,0022400871,OKC,SAS
2025-03-02,0022400872,NOP,UTA
2025-03-02,0022400873,MIN,PHX
2025-03-02,0022400874,LAC,LAL
2025-03-03,0022400875,GSW,CHA
2025-03-03,0022400876,POR,PHI
2025-03-03,0022400877,WAS,MIA
2025-03-03,0022400878,ATL,MEM
2025-03-03,0022400879,HOU,OKC
2025-03-03,0022400880,SAC,DAL
2025-03-03,0022400881,DET,UTA
2025-03-04,0022400882,HOU,IND
2025-03-04,0022400883,TOR,ORL
2025-03-04,0022400884,MIL,ATL
2025-03-04,0022400885,GSW,NYK
2025-03-04,0022400886,CLE,CHI
2025-03-04,0022400887,PHI,MIN
2025-03-04,0022400888,BKN,SAS
2025-03-04,0022400889,LAC,PHX
2025-03-04,0022400890,NOP,LAL
2025-03-05,0022400891,POR,BOS
2025-03-05,0022400892,MIN,CHA
2025-03-05,0022400893,MIA,CLE
2025-03-05,0022400894,UTA,WAS
2025-03-05,0022400895,OKC,MEM
2025-03-05,0022400896,SAC,DEN
2025-03-05,0022400897,DAL,MIL
2025-03-05,0022400898,DET,LAC
2025-03-06,0022400899,IND,ATL
2025-03-06,0022400900,PHI,BOS
2025-03-06,0022400901,GSW,BKN
2025-03-06,0022400902,HOU,NOP
2025-03-06,0022400903,NYK,LAL
2025-03-07,0022400904,CLE,CHA
2025-03-07,0022400905,UTA,TOR
2025-03-07,0022400906,MEM,DAL
2025-03-07,0022400907,MIN,MIA
2025-03-07,0022400908,POR,OKC
2025-03-07,0022400909,PHX,DEN
2025-03-07,0022400910,SAS,SAC
2025-03-07,0022400911,NYK,LAC
2025-03-08,0022400912,BKN,CHA
2025-03-08,0022400913,NOP,HOU
2025-03-08,0022400914,IND,ATL
2025-03-08,0022400915,WAS,TOR
2025-03-08,0022400916,CHI,MIA
2025-03-08,0022400917,ORL,MIL
2025-03-08,0022400918,LAL,BOS
2025-03-08,0022400919,DET,GSW
2025-03-09,0022400920,DEN,OKC
2025-03-09,0022400921,PHX,DAL
2025-03-09,0022400923,MEM,NOP
2025-03-09,0022400924,UTA,PHI
2025-03-09,0022400922,CLE,MIL
2025-03-09,0022400925,SAS,MIN
2025-03-09,0022400926,DET,POR
2025-03-09,0022400927,SAC,LAC
2025-03-10,0022400928,PHI,ATL
2025-03-10,0022400929,UTA,BOS
2025-03-10,0022400930,LAL,BKN
2025-03-10,0022400931,CHA,MIA
2025-03-10,0022400932,WAS,TOR
2025-03-10,0022400933,IND,CHI
2025-03-10,0022400934,ORL,HOU
2025-03-10,0022400935,PHX,MEM
2025-03-10,0022400936,DEN,OKC
2025-03-10,0022400937,DAL,SAS
2025-03-10,0022400938,POR,GSW
2025-03-10,0022400939,NYK,SAC
2025-03-11,0022400940,BKN,CLE
2025-03-11,0022400941,WAS,DET
2025-03-11,0022400942,MIL,IND
2025-03-11,0022400943,LAC,NOP
2025-03-12,0022400944,CHI,ORL
2025-03-12,0022400945,CHA,ATL
2025-03-12,0022400946,OKC,BOS
2025-03-12,0022400947,PHI,TOR
2025-03-12,0022400948,LAC,MIA
2025-03-12,0022400949,PHX,HOU
2025-03-12,0022400950,UTA,MEM
2025-03-12,0022400951,DAL,SAS
2025-03-12,0022400952,MIN,DEN
2025-03-12,0022400953,NYK,POR
2025-03-13,0022400954,WAS,DET
2025-03-13,0022400955,LAL,MIL
2025-03-13,0022400956,BKN,CHI
2025-03-13,0022400957,SAC,GSW
2025-03-14,0022400958,BOS,MIA
2025-03-14,0022400959,IND,PHI
2025-03-14,0022400960,LAC,ATL
2025-03-14,0022400961,DAL,HOU
2025-03-14,0022400962,CLE,MEM
2025-03-14,0022400963,ORL,MIN
2025-03-14,0022400964,CHA,SAS
2025-03-14,0022400965,LAL,DEN
2025-03-14,0022400966,TOR,UTA
2025-03-14,0022400967,SAC,PHX
2025-03-15,0022400968,BOS,BKN
2025-03-15,0022400969,OKC,DET
2025-03-15,0022400970,CHI,HOU
2025-03-15,0022400971,MIA,MEM
2025-03-15,0022400972,IND,MIL
2025-03-15,0022400973,NOP,SAS
2025-03-15,0022400974,NYK,GSW
2025-03-15,0022400975,WAS,DEN
2025-03-16,0022400976,PHI,DAL
2025-03-16,0022400977,PHX,LAL
2025-03-16,0022400978,ATL,BKN
2025-03-16,0022400979,ORL,CLE
2025-03-16,0022400980,TOR,POR
2025-03-16,0022400981,UTA,MIN
2025-03-16,0022400982,OKC,MIL
2025-03-16,0022400983,WAS,LAC
2025-03-17,0022400984,MIA,NYK
2025-03-17,0022400985,PHI,HOU
2025-03-17,0022400986,IND,MIN
2025-03-17,0022400987,DET,NOP
2025-03-17,0022400988,ORL,SAS
2025-03-17,0022400989,CHI,UTA
2025-03-17,0022400990,DEN,GSW
2025-03-17,0022400991,TOR,PHX
2025-03-17,0022400992,MEM,SAC
2025-03-18,0022400993,ATL,CHA
2025-03-18,0022400994,BKN,BOS
2025-03-18,0022400995,WAS,POR
2025-03-18,0022400996,MIL,LAL
2025-03-18,0022400997,CLE,LAC
2025-03-19,0022400998,DAL,IND
2025-03-19,0022400999,HOU,ORL
2025-03-19,0022401000,DET,MIA
2025-03-19,0022401001,NOP,MIN
2025-03-19,0022401002,PHI,OKC
2025-03-19,0022401003,NYK,SAS
2025-03-19,0022401004,LAC,UTA
2025-03-19,0022401005,TOR,GSW
2025-03-19,0022401006,DEN,LAL
2025-03-19,0022401007,CHI,PHX
2025-03-19,0022401008,MEM,POR
2025-03-19,0022401009,CLE,SAC
2025-03-20,0022401010,NYK,CHA
2025-03-20,0022401011,BKN,IND
2025-03-20,0022401012,MIL,GSW
2025-03-20,0022401013,CHI,SAC
2025-03-21,0022401014,ORL,WAS
2025-03-21,0022401015,HOU,MIA
2025-03-21,0022401016,NOP,MIN
2025-03-21,0022401017,CHA,OKC
2025-03-21,0022401018,PHI,SAS
2025-03-21,0022401019,DET,DAL
2025-03-21,0022401020,BOS,UTA
2025-03-21,0022401021,CLE,PHX
2025-03-21,0022401022,DEN,POR
2025-03-21,0022401023,MEM,LAC
2025-03-22,0022401024,BKN,IND
2025-03-22,0022401025,GSW,ATL
2025-03-22,0022401026,WAS,NYK
2025-03-22,0022401027,MIL,SAC
2025-03-22,0022401028,CHI,LAL
2025-03-23,0022401029,NOP,DET
2025-03-23,0022401030,CLE,UTA
2025-03-23,0022401031,PHI,ATL
2025-03-23,0022401032,CHA,MIA
2025-03-23,0022401033,SAS,TOR
2025-03-23,0022401034,BOS,POR
2025-03-23,0022401035,DEN,HOU
2025-03-23,0022401036,OKC,LAC
2025-03-24,0022401037,MIN,IND
2025-03-24,0022401038,LAL,ORL
2025-03-24,0022401039,TOR,WAS
2025-03-24,0022401040,DAL,BKN
2025-03-24,0022401041,PHI,NOP
2025-03-24,0022401042,CHI,DEN
2025-03-24,0022401043,MIL,PHX
2025-03-24,0022401044,BOS,SAC
2025-03-25,0022401045,ORL,CHA
2025-03-25,0022401046,SAS,DET
2025-03-25,0022401047,GSW,MIA
2025-03-25,0022401048,DAL,NYK
2025-03-25,0022401049,ATL,HOU
2025-03-25,0022401050,MEM,UTA
2025-03-25,0022401051,CLE,POR
2025-03-25,0022401052,OKC,SAC
2025-03-26,0022401053,WAS,PHI
2025-03-26,0022401054,TOR,BKN
2025-03-26,0022401055,LAL,IND
2025-03-26,0022401056,LAC,NYK
2025-03-26,0022401057,MIL,DEN
2025-03-26,0022401058,BOS,PHX
2025-03-27,0022401059,SAS,CLE
2025-03-27,0022401060,DAL,ORL
2025-03-27,0022401061,IND,WAS
2025-03-27,0022401062,ATL,MIA
2025-03-27,0022401063,LAL,CHI
2025-03-27,0022401064,MEM,OKC
2025-03-27,0022401065,HOU,UTA
2025-03-27,0022401066,POR,SAC
2025-03-28,0022401067,CLE,DET
2025-03-28,0022401068,LAC,BKN
2025-03-28,0022401069,CHA,TOR
2025-03-28,0022401070,NYK,MIL
2025-03-28,0022401071,PHX,MIN
2025-03-28,0022401072,GSW,NOP
2025-03-28,0022401073,UTA,DEN
2025-03-29,0022401074,SAC,ORL
2025-03-29,0022401075,BKN,WAS
2025-03-29,0022401076,MIA,PHI
2025-03-29,0022401077,DAL,CHI
2025-03-29,0022401078,LAL,MEM
2025-03-29,0022401079,IND,OKC
2025-03-29,0022401080,BOS,SAS
2025-03-30,0022401081,LAC,CLE
2025-03-30,0022401082,POR,NYK
2025-03-30,0022401083,ATL,MIL
2025-03-30,0022401084,DET,MIN
2025-03-30,0022401085,CHA,NOP
2025-03-30,0022401086,GSW,SAS
2025-03-30,0022401087,TOR,PHI
2025-03-30,0022401088,HOU,PHX
2025-03-31,0022401089,UTA,CHA
2025-03-31,0022401090,SAC,IND
2025-03-31,0022401091,LAC,ORL
2025-03-31,0022401092,MIA,WAS
2025-03-31,0022401093,BOS,MEM
2025-03-31,0022401094,CHI,OKC
2025-03-31,0022401095,BKN,DAL
2025-03-31,0022401096,HOU,LAL
2025-04-01,0022401097,POR,ATL
2025-04-01,0022401098,PHI,NYK
2025-04-01,0022401099,TOR,CHI
2025-04-01,0022401100,GSW,MEM
2025-04-01,0022401101,PHX,MIL
2025-04-01,0022401102,MIN,DEN
2025-04-02,0022401103,NYK,CLE
2025-04-02,0022401104,CHA,IND
2025-04-02,0022401105,SAC,WAS
2025-04-02,0022401106,MIA,BOS
2025-04-02,0022401107,UTA,HOU
2025-04-02,0022401108,DET,OKC
2025-04-02,0022401109,ATL,DAL
2025-04-02,0022401110,SAS,DEN
2025-04-02,0022401111,NOP,LAC
2025-04-03,0022401112,ORL,WAS
2025-04-03,0022401113,MIN,BKN
2025-04-03,0022401114,MEM,MIA
2025-04-03,0022401115,MIL,PHI
2025-04-03,0022401116,POR,TOR
2025-04-03,0022401117,GSW,LAL
2025-04-04,0022401118,SAC,CHA
2025-04-04,0022401119,UTA,IND
2025-04-04,0022401120,PHX,BOS
2025-04-04,0022401121,DET,TOR
2025-04-04,0022401122,POR,CHI
2025-04-04,0022401123,OKC,HOU
2025-04-04,0022401124,CLE,SAS
2025-04-04,0022401125,DEN,GSW
2025-04-04,0022401126,NOP,LAL
2025-04-04,0022401127,DAL,LAC
2025-04-05,0022401128,NYK,ATL
2025-04-05,0022401129,MEM,DET
2025-04-05,0022401130,MIN,PHI
2025-04-05,0022401131,MIL,MIA
2025-04-05,0022401132,DAL,LAC
2025-04-06,0022401133,CHI,CHA
2025-04-06,0022401134,TOR,BKN
2025-04-06,0022401135,LAL,OKC
2025-04-06,0022401136,UTA,ATL
2025-04-06,0022401137,WAS,BOS
2025-04-06,0022401138,SAC,CLE
2025-04-06,0022401139,SAS,POR
2025-04-06,0022401140,PHX,NYK
2025-04-06,0022401141,ORL,NOP
2025-04-06,0022401142,IND,DEN
2025-04-06,0022401143,HOU,GSW
2025-04-07,0022401144,SAC,DET
2025-04-07,0022401145,PHI,MIA
2025-04-08,0022401146,MEM,CHA
2025-04-08,0022401147,CHI,CLE
2025-04-08,0022401148,WAS,IND
2025-04-08,0022401149,ATL,ORL
2025-04-08,0022401150,NOP,BKN
2025-04-08,0022401151,BOS,NYK
2025-04-08,0022401152,MIN,MIL
2025-04-08,0022401153,LAL,OKC
2025-04-08,0022401154,GSW,PHX
2025-04-08,0022401155,SAS,LAC
2025-04-09,0022401156,BOS,ORL
2025-04-09,0022401157,PHI,WAS
2025-04-09,0022401158,CHA,TOR
2025-04-09,0022401159,LAL,DAL
2025-04-09,0022401160,MIA,CHI
2025-04-09,0022401161,NOP,MIL
2025-04-09,0022401162,POR,UTA
2025-04-09,0022401163,SAS,GSW
2025-04-09,0022401164,OKC,PHX
2025-04-09,0022401165,DEN,SAC
2025-04-09,0022401166,HOU,LAC
2025-04-10,0022401167,NYK,DET
2025-04-10,0022401168,CLE,IND
2025-04-10,0022401169,ATL,BKN
2025-04-10,0022401170,MIN,MEM
2025-04-11,0022401171,MIL,DET
2025-04-11,0022401172,ORL,IND
2025-04-11,0022401173,ATL,PHI
2025-04-11,0022401174,CHA,BOS
2025-04-11,0022401175,CLE,NYK
2025-04-11,0022401176,WAS,CHI
2025-04-11,0022401177,MIA,NOP
2025-04-11,0022401178,TOR,DAL
2025-04-11,0022401179,BKN,MIN
2025-04-11,0022401180,MEM,DEN
2025-04-11,0022401181,OKC,UTA
2025-04-11,0022401182,SAS,PHX
2025-04-11,0022401183,GSW,POR
2025-04-11,0022401184,LAC,SAC
2025-04-11,0022401185,HOU,LAL
2025-04-13,0022401186,ORL,ATL
2025-04-13,0022401187,CHA,BOS
2025-04-13,0022401188,NYK,BKN
2025-04-13,0022401189,IND,CLE
2025-04-13,0022401190,WAS,MIA
2025-04-13,0022401191,CHI,PHI
2025-04-13,0022401192,DET,MIL
2025-04-13,0022401193,DEN,HOU
2025-04-13,0022401194,DAL,MEM
2025-04-13,0022401195,UTA,MIN
2025-04-13,0022401196,OKC,NOP
2025-04-13,0022401197,TOR,SAS
2025-04-13,0022401198,LAC,GSW
2025-04-13,0022401199,LAL,POR
2025-04-13,0022401200,PHX,SAC
2024-10-04,0012400001,BOS,DEN,False
2024-10-04,0012400002,NZB,UTA,False
2024-10-04,0012400003,MIN,LAL,False
2024-10-05,0012400004,GSW,LAC,False
2024-10-06,0012400005,DEN,BOS,True
2024-10-06,0012400006,NYK,CHA,False
2024-10-06,0012400007,WAS,TOR,False
2024-10-06,0012400008,MIL,DET,False
2024-10-06,0012400009,PHX,LAL,False
2024-10-07,0012400010,ORL,NOP,True
2024-10-07,0012400011,NZB,PHI,False
2024-10-07,0012400012,MEM,DAL,False
2024-10-07,0012400013,OKC,SAS,False
2024-10-07,0012400014,HOU,UTA,True
2024-10-08,0012400015,MIA,CHA,True
2024-10-08,0012400016,CHI,CLE,False
2024-10-08,0012400017,PHX,DET,True
2024-10-08,0012400018,IND,ATL,True
2024-10-08,0012400019,BKN,LAC,True
2024-10-09,0012400020,WAS,NYK,False
2024-10-09,0012400021,HOU,OKC,False
2024-10-09,0012400022,ORL,SAS,False
2024-10-09,0012400023,GSW,SAC,False
2024-10-10,0012400024,IND,CLE,False
2024-10-10,0012400026,UTA,DAL,False
2024-10-10,0012400027,CHA,MEM,True
2024-10-10,0012400028,LAL,MIL,False
2024-10-10,0012400029,NZB,OKC,False
2024-10-11,0012400031,TOR,WAS,False
2024-10-11,0012400032,PHI,MIN,True
2024-10-11,0012400033,SAC,GSW,True
2024-10-11,0012400034,DET,PHX,True
2024-10-11,0012400035,POR,LAC,False
2024-10-12,0012400036,PHI,BOS,False
2024-10-12,0012400037,MEM,CHI,False
2024-10-12,0012400038,UTA,SAS,True
2024-10-13,0012400039,NOP,MIA,False
2024-10-13,0012400040,MIN,NYK,True
2024-10-13,0012400041,POR,SAC,True
2024-10-13,0012400042,TOR,BOS,True
2024-10-13,0012400043,PHX,DEN,False
2024-10-13,0012400044,DET,GSW,False
2024-10-14,0012400045,MEM,IND,False
2024-10-14,0012400046,PHI,ATL,True
2024-10-14,0012400047,WAS,BKN,False
2024-10-14,0012400048,CHI,MIL,True
2024-10-14,0012400049,DAL,LAC,False
2024-10-15,0012400050,BOS,TOR,True
2024-10-15,0012400051,SAS,MIA,True
2024-10-15,0012400052,CHA,NYK,True
2024-10-15,0012400053,NOP,HOU,False
2024-10-15,0012400054,OKC,DEN,True
2024-10-15,0012400055,SAC,UTA,True
2024-10-15,0012400056,GSW,LAL,True
2024-10-16,0012400057,CLE,DET,False
2024-10-16,0012400058,BKN,PHI,False
2024-10-16,0012400025,ATL,MIA,True
2024-10-16,0012400059,MIN,CHI,True
2024-10-16,0012400060,ULM,POR,True
2024-10-17,0012400061,CHA,IND,True
2024-10-17,0012400062,MIL,DAL,False
2024-10-17,0012400063,SAS,HOU,True
2024-10-17,0012400064,ATL,OKC,False
2024-10-17,0012400072,DEN,MIN,False
2024-10-17,0012400065,LAL,PHX,False
2024-10-17,0012400066,SAC,LAC,False
2024-10-18,0012400067,PHI,ORL,False
2024-10-18,0012400068,NYK,WAS,True
2024-10-18,0012400069,TOR,BKN,False
2024-10-18,0012400070,CLE,CHI,True
2024-10-18,0012400071,MIA,MEM,False
2024-10-18,0012400073,UTA,POR,False
2024-10-18,0012400074,LAL,GSW,False
2024-10-22,0022400061,NYK,BOS,True
2024-10-22,0022400062,MIN,LAL,True
2024-10-23,0022400063,IND,DET,False
2024-10-23,0022400064,BKN,ATL,True
2024-10-23,0022400065,ORL,MIA,True
2024-10-23,0022400066,MIL,PHI,False
2024-10-23,0022400067,CLE,TOR,False
2024-10-23,0022400068,CHA,HOU,False
2024-10-23,0022400069,CHI,NOP,True
2024-10-23,0022400070,MEM,UTA,False
2024-10-23,0022400071,PHX,LAC,False
2024-10-23,0022400072,GSW,POR,False
2024-10-24,0022400073,BOS,WAS,False
2024-10-24,0022400074,SAS,DAL,True
2024-10-24,0022400075,OKC,DEN,True
2024-10-24,0022400076,MIN,SAC,False
2024-10-25,0022400077,BKN,ORL,True
2024-10-25,0022400078,PHI,TOR,True
2024-10-25,0022400079,CHA,ATL,True
2024-10-25,0022400080,DET,CLE,True
2024-10-25,0022400081,IND,NYK,False
2024-10-25,0022400082,MEM,HOU,True
2024-10-25,0022400083,CHI,MIL,False
2024-10-25,0022400084,GSW,UTA,True
2024-10-25,0022400085,PHX,LAL,True
2024-10-25,0022400086,NOP,POR,False
2024-10-26,0022400087,LAC,DEN,False
2024-10-26,0022400088,MIA,CHA,False
2024-10-26,0022400089,BOS,DET,False
2024-10-26,0022400090,CLE,WAS,False
2024-10-26,0022400091,OKC,CHI,True
2024-10-26,0022400092,ORL,MEM,True
2024-10-26,0022400093,TOR,MIN,True
2024-10-26,0022400094,HOU,SAS,True
2024-10-26,0022400095,DAL,PHX,True
2024-10-26,0022400096,SAC,LAL,True
2024-10-27,0022400097,PHI,IND,False
2024-10-27,0022400098,MIL,BKN,True
2024-10-27,0022400099,NOP,POR,True
2024-10-27,0022400100,ATL,OKC,True
2024-10-27,0022400101,LAC,GSW,False
2024-10-28,0022400102,IND,ORL,True
2024-10-28,0022400103,WAS,ATL,False
2024-10-28,0022400104,MIL,BOS,True
2024-10-28,0022400105,DET,MIA,False
2024-10-28,0022400106,CLE,NYK,False
2024-10-28,0022400107,DEN,TOR,False
2024-10-28,0022400108,CHI,MEM,False
2024-10-28,0022400109,HOU,SAS,False
2024-10-28,0022400110,UTA,DAL,True
2024-10-28,0022400111,LAL,PHX,True
2024-10-28,0022400112,POR,SAC,False
2024-10-29,0022400113,DEN,BKN,False
2024-10-29,0022400114,DAL,MIN,False
2024-10-29,0022400115,SAC,UTA,True
2024-10-29,0022400116,NOP,GSW,True
2024-10-30,0022400117,TOR,CHA,True
2024-10-30,0022400118,LAL,CLE,True
2024-10-30,0022400119,BOS,IND,True
2024-10-30,0022400120,DET,PHI,True
2024-10-30,0022400121,ATL,WAS,True
2024-10-30,0022400122,NYK,MIA,False
2024-10-30,0022400123,ORL,CHI,False
2024-10-30,0022400124,BKN,MEM,False
2024-10-30,0022400125,SAS,OKC,False
2024-10-30,0022400126,NOP,GSW,False
2024-10-30,0022400127,POR,LAC,False
2024-10-31,0022400128,MIL,MEM,False
2024-10-31,0022400129,HOU,DAL,False
2024-10-31,0022400130,SAS,UTA,True
2024-10-31,0022400131,PHX,LAC,False
2024-11-01,0022400132,BOS,CHA,False
2024-11-01,0022400133,ORL,CLE,True
2024-11-01,0022400134,NYK,DET,True
2024-11-01,0022400135,SAC,ATL,False
2024-11-01,0022400136,CHI,BKN,True
2024-11-01,0022400137,LAL,TOR,False
2024-11-01,0022400138,IND,NOP,True
2024-11-01,0022400139,DEN,MIN,True
2024-11-01,0022400140,OKC,POR,False
2024-11-02,0022400141,BOS,CHA,False
2024-11-02,0022400142,MEM,PHI,False
2024-11-02,0022400143,SAC,TOR,True
2024-11-02,0022400144,GSW,HOU,False
2024-11-02,0022400145,CLE,MIL,False
2024-11-02,0022400146,MIN,SAS,True
2024-11-02,0022400147,MIA,WAS,True
2024-11-02,0022400148,UTA,DEN,True
2024-11-02,0022400149,POR,PHX,False
2024-11-02,0022400150,OKC,LAC,True
2024-11-03,0022400151,DET,BKN,True
2024-11-03,0022400152,ATL,NOP,False
2024-11-03,0022400153,ORL,DAL,False
2024-11-04,0022400154,MIL,CLE,True
2024-11-04,0022400155,GSW,WAS,False
2024-11-04,0022400156,LAL,DET,True
2024-11-04,0022400157,BOS,ATL,True
2024-11-04,0022400158,MEM,BKN,True
2024-11-04,0022400159,SAC,MIA,False
2024-11-04,0022400160,UTA,CHI,False
2024-11-04,0022400161,NYK,HOU,False
2024-11-04,0022400162,CHA,MIN,False
2024-11-04,0022400163,ORL,OKC,False
2024-11-04,0022400164,POR,NOP,False
2024-11-04,0022400165,IND,DAL,False
2024-11-04,0022400166,TOR,DEN,True
2024-11-04,0022400167,PHI,PHX,True
2024-11-04,0022400168,SAS,LAC,True
2024-11-06,0022400169,DET,CHA,True
2024-11-06,0022400170,ORL,IND,True
2024-11-06,0022400171,NYK,ATL,True
2024-11-06,0022400172,GSW,BOS,False
2024-11-06,0022400173,SAS,HOU,True
2024-11-06,0022400174,LAL,MEM,True
2024-11-06,0022400175,CLE,NOP,False
2024-11-06,0022400176,CHI,DAL,False
2024-11-06,0022400177,OKC,DEN,True
2024-11-06,0022400178,MIA,PHX,True
2024-11-06,0022400179,PHI,LAC,False
2024-11-06,0022400180,TOR,SAC,True
2024-11-07,0022400181,MIN,CHI,False
2024-11-07,0022400182,UTA,MIL,True
2024-11-07,0022400183,POR,SAS,True
2024-11-08,0022400184,IND,CHA,False
2024-11-08,0022400185,ATL,DET,True
2024-11-08,0022400186,NOP,ORL,False
2024-11-08,0022400187,BKN,BOS,True
2024-11-08,0022400188,GSW,CLE,True
2024-11-08,0022400189,MIL,NYK,False
2024-11-08,0022400190,PHX,DAL,False
2024-11-08,0022400191,WAS,MEM,True
2024-11-08,0022400192,HOU,OKC,True
2024-11-08,0022400193,POR,MIN,True
2024-11-08,0022400194,MIA,DEN,True
2024-11-08,0022400195,PHI,LAL,True
2024-11-08,0022400196,LAC,SAC,True
2024-11-09,0022400197,UTA,SAS,False
2024-11-09,0022400198,CHI,ATL,False
2024-11-09,0022400199,BKN,CLE,True
2024-11-09,0022400200,TOR,LAC,True
2024-11-10,0022400201,HOU,DET,True
2024-11-10,0022400202,BOS,MIL,False
2024-11-10,0022400203,NYK,IND,True
2024-11-10,0022400204,WAS,ORL,False
2024-11-10,0022400205,CHA,PHI,True
2024-11-10,0022400206,MIA,MIN,False
2024-11-10,0022400207,GSW,OKC,False
2024-11-10,0022400208,DAL,DEN,True
2024-11-10,0022400209,SAC,PHX,False
2024-11-10,0022400210,MEM,POR,True
2024-11-10,0022400211,TOR,LAL,True
2024-11-11,0022400212,CLE,CHI,False
2024-11-11,0022400213,WAS,HOU,False
2024-11-11,0022400214,BKN,NOP,False
2024-11-11,0022400215,LAC,OKC,True
2024-11-11,0022400216,SAC,SAS,False
2024-11-12,0022400001,ATL,BOS,False
2024-11-12,0022400002,MIA,DET,True
2024-11-12,0022400003,CHA,ORL,False
2024-11-12,0022400004,NYK,PHI,True
2024-11-12,0022400005,TOR,MIL,True
2024-11-12,0022400006,PHX,UTA,False
2024-11-12,0022400007,DAL,GSW,True
2024-11-12,0022400008,MIN,POR,True
2024-11-13,0022400217,IND,ORL,True
2024-11-13,0022400218,BOS,BKN,False
2024-11-13,0022400219,CHI,NYK,False
2024-11-13,0022400220,CLE,PHI,False
2024-11-13,0022400221,NOP,OKC,False
2024-11-13,0022400222,LAC,HOU,True
2024-11-13,0022400223,DET,MIL,True
2024-11-13,0022400224,WAS,SAS,True
2024-11-13,0022400225,MEM,LAL,True
2024-11-13,0022400226,MIN,POR,False
2024-11-13,0022400227,PHX,SAC,True
2024-11-14,0022400228,DAL,UTA,True
2024-11-15,0022400009,MIA,IND,False
2024-11-15,0022400010,PHI,ORL,True
2024-11-15,0022400011,DET,TOR,False
2024-11-15,0022400012,WAS,ATL,True
2024-11-15,0022400013,CHI,CLE,True
2024-11-15,0022400014,BKN,NYK,True
2024-11-15,0022400015,LAL,SAS,False
2024-11-15,0022400016,LAC,HOU,True
2024-11-15,0022400017,DEN,NOP,False
2024-11-15,0022400018,PHX,OKC,True
2024-11-15,0022400019,MEM,GSW,True
2024-11-15,0022400020,MIN,SAC,False
2024-11-16,0022400229,MIL,CHA,True
2024-11-16,0022400230,TOR,BOS,True
2024-11-16,0022400231,LAL,NOP,True
2024-11-16,0022400232,SAS,DAL,False
2024-11-16,0022400233,UTA,SAC,True
2024-11-17,0022400234,PHX,MIN,True
2024-11-17,0022400235,MIA,IND,True
2024-11-17,0022400236,CHA,CLE,True
2024-11-17,0022400237,DET,WAS,False
2024-11-17,0022400238,DEN,MEM,False
2024-11-17,0022400239,ATL,POR,True
2024-11-17,0022400240,BKN,NYK,True
2024-11-17,0022400241,HOU,CHI,False
2024-11-17,0022400242,DAL,OKC,False
2024-11-17,0022400243,UTA,LAC,True
2024-11-18,0022400244,CHI,DET,False
2024-11-18,0022400245,PHI,MIA,False
2024-11-18,0022400246,WAS,NYK,True
2024-11-18,0022400247,IND,TOR,True
2024-11-18,0022400248,HOU,MIL,True
2024-11-18,0022400249,ORL,PHX,True
2024-11-18,0022400250,ATL,SAC,False
2024-11-18,0022400251,GSW,LAC,False
2024-11-19,0022400021,CLE,BOS,True
2024-11-19,0022400022,CHA,BKN,True
2024-11-19,0022400023,DEN,MEM,False
2024-11-19,0022400024,NOP,DAL,False
2024-11-19,0022400025,OKC,SAS,True
2024-11-19,0022400026,UTA,LAL,True
2024-11-20,0022400252,NOP,CLE,True
2024-11-20,0022400253,CHI,MIL,True
2024-11-20,0022400254,IND,HOU,True
2024-11-20,0022400255,PHI,MEM,True
2024-11-20,0022400256,POR,OKC,False
2024-11-20,0022400257,NYK,PHX,False
2024-11-20,0022400258,ATL,GSW,False
2024-11-20,0022400259,ORL,LAC,False
2024-11-21,0022400260,DET,CHA,True
2024-11-21,0022400261,MIN,TOR,True
2024-11-21,0022400262,UTA,SAS,True
2024-11-21,0022400263,ORL,LAL,False
2024-11-22,0022400027,BKN,PHI,False
2024-11-22,0022400028,BOS,WAS,True
2024-11-22,0022400032,GSW,NOP,False
2024-11-22,0022400029,IND,MIL,True
2024-11-22,0022400030,ATL,CHI,True
2024-11-22,0022400031,POR,HOU,False
2024-11-22,0022400033,DAL,DEN,False
2024-11-22,0022400034,SAC,LAC,False
2024-11-23,0022400264,NYK,UTA,True
2024-11-23,0022400265,DET,ORL,True
2024-11-23,0022400266,MEM,CHI,False
2024-11-23,0022400267,POR,HOU,True
2024-11-23,0022400268,CHA,MIL,True
2024-11-23,0022400269,GSW,SAS,False
2024-11-23,0022400270,DEN,LAL,False
2024-11-24,0022400271,MIN,BOS,True
2024-11-24,0022400272,WAS,IND,True
2024-11-24,0022400273,DAL,MIA,True
2024-11-24,0022400274,LAC,PHI,True
2024-11-24,0022400275,TOR,CLE,True
2024-11-24,0022400276,BKN,SAC,False
2024-11-25,0022400277,ORL,CHA,False
2024-11-25,0022400278,TOR,DET,True
2024-11-25,0022400279,NOP,IND,True
2024-11-25,0022400280,DAL,ATL,False
2024-11-25,0022400281,LAC,BOS,False
2024-11-25,0022400282,POR,MEM,False
2024-11-25,0022400283,NYK,DEN,False
2024-11-25,0022400284,BKN,GSW,False
2024-11-25,0022400285,OKC,SAC,False
2024-11-26,0022400035,CHI,WAS,False
2024-11-26,0022400036,MIL,MIA,False
2024-11-26,0022400037,HOU,MIN,False
2024-11-26,0022400038,SAS,UTA,False
2024-11-26,0022400039,LAL,PHX,True
2024-11-27,0022400286,MIA,CHA,False
2024-11-27,0022400287,ATL,CLE,False
2024-11-27,0022400288,POR,IND,True
2024-11-27,0022400289,CHI,ORL,True
2024-11-27,0022400290,HOU,PHI,False
2024-11-27,0022400291,LAC,WAS,True
2024-11-27,0022400292,NYK,DAL,True
2024-11-27,0022400293,DET,MEM,True
2024-11-27,0022400294,SAC,MIN,False
2024-11-27,0022400295,TOR,NOP,True
2024-11-27,0022400296,LAL,SAS,False
2024-11-27,0022400297,BKN,PHX,False
2024-11-27,0022400298,DEN,UTA,False
2024-11-27,0022400299,OKC,GSW,False
2024-11-29,0022400040,NYK,CHA,False
2024-11-29,0022400041,CLE,ATL,True
2024-11-29,0022400042,NOP,MEM,True
2024-11-29,0022400043,ORL,BKN,False
2024-11-29,0022400044,LAC,MIN,True
2024-11-29,0022400045,DET,IND,False
2024-11-29,0022400046,TOR,MIA,True
2024-11-29,0022400047,BOS,CHI,False
2024-11-29,0022400048,OKC,LAL,True
2024-11-29,0022400049,SAC,POR,True
2024-11-30,0022400300,ATL,CHA,False
2024-11-30,0022400301,PHI,DET,True
2024-11-30,0022400302,WAS,MIL,True
2024-11-30,0022400303,GSW,PHX,True
2024-11-30,0022400304,DAL,UTA,True
2024-12-01,0022400305,ORL,BKN,True
2024-12-01,0022400306,IND,MEM,True
2024-12-01,0022400307,BOS,CLE,True
2024-12-01,0022400308,NOP,NYK,False
2024-12-01,0022400309,MIA,TOR,True
2024-12-01,0022400310,OKC,HOU,True
2024-12-01,0022400311,LAL,UTA,False
2024-12-01,0022400312,DAL,POR,False
2024-12-01,0022400313,SAS,SAC,False
2024-12-01,0022400314,DEN,LAC,True
2024-12-02,0022400315,NOP,ATL,True
2024-12-02,0022400316,MIA,BOS,False
2024-12-02,0022400317,BKN,CHI,True
2024-12-02,0022400318,LAL,MIN,False
2024-12-03,0022400050,PHI,CHA,False
2024-12-03,0022400051,WAS,CLE,False
2024-12-03,0022400052,MIL,DET,False
2024-12-03,0022400053,ORL,NYK,True
2024-12-03,0022400054,IND,TOR,True
2024-12-03,0022400055,UTA,OKC,True
2024-12-03,0022400056,MEM,DAL,True
2024-12-03,0022400057,SAS,PHX,False
2024-12-03,0022400058,GSW,DEN,True
2024-12-03,0022400059,HOU,SAC,True
2024-12-03,0022400060,POR,LAC,True
2024-12-04,0022400319,DET,BOS,True
2024-12-04,0022400320,IND,BKN,True
2024-12-04,0022400321,LAL,MIA,False
2024-12-04,0022400322,ORL,PHI,False
2024-12-04,0022400323,ATL,MIL,False
2024-12-04,0022400324,MIN,LAC,True
2024-12-05,0022400325,DEN,CLE,True
2024-12-05,0022400326,DAL,WAS,False
2024-12-05,0022400327,CHA,NYK,True
2024-12-05,0022400328,OKC,TOR,True
2024-12-05,0022400329,SAC,MEM,True
2024-12-05,0022400330,PHX,NOP,True
2024-12-05,0022400331,CHI,SAS,False
2024-12-05,0022400332,HOU,GSW,True
2024-12-06,0022400333,ORL,PHI,False
2024-12-06,0022400334,LAL,ATL,True
2024-12-06,0022400335,MIL,BOS,True
2024-12-06,0022400336,IND,CHI,False
2024-12-06,0022400337,SAC,SAS,False
2024-12-06,0022400338,MIN,GSW,True
2024-12-06,0022400339,UTA,POR,True
2024-12-07,0022400340,CLE,CHA,False
2024-12-07,0022400341,DEN,WAS,True
2024-12-07,0022400342,OKC,NOP,False
2024-12-07,0022400343,DET,NYK,False
2024-12-07,0022400344,DAL,TOR,False
2024-12-07,0022400345,MEM,BOS,False
2024-12-07,0022400346,PHX,MIA,True
2024-12-08,0022400347,PHI,CHI,False
2024-12-08,0022400348,MIL,BKN,False
2024-12-08,0022400349,CHA,IND,False
2024-12-08,0022400350,DEN,ATL,False
2024-12-08,0022400351,CLE,MIA,True
2024-12-08,0022400352,PHX,ORL,True
2024-12-08,0022400353,MEM,WAS,False
2024-12-08,0022400354,NOP,SAS,True
2024-12-08,0022400355,MIN,GSW,True
2024-12-08,0022400356,HOU,LAC,False
2024-12-08,0022400357,UTA,SAC,False
2024-12-08,0022400358,POR,LAL,False
2024-12-09,0022400359,NYK,TOR,False
2024-12-10,0022401201,ORL,MIL,True
2024-12-10,0022401203,DAL,OKC,True
2024-12-11,0022401202,ATL,NYK,False
2024-12-11,0022401204,GSW,HOU,True
2024-12-12,0022401205,DET,BOS,False
2024-12-12,0022401206,TOR,MIA,True
2024-12-12,0022401207,SAC,NOP,False
2024-12-13,0022401208,WAS,CLE,True
2024-12-13,0022401209,IND,PHI,False
2024-12-13,0022401210,LAL,MIN,True
2024-12-13,0022401211,BKN,MEM,True
2024-12-13,0022401212,CHA,CHI,False
2024-12-13,0022401213,LAC,DEN,False
2024-12-13,0022401214,PHX,UTA,False
2024-12-13,0022401215,SAS,POR,False
2024-12-14,0022401229,ATL,MIL,True
2024-12-14,0022401230,HOU,OKC,False
2024-12-15,0022401216,NOP,IND,True
2024-12-15,0022401217,BOS,WAS,True
2024-12-15,0022401227,NYK,ORL,True
2024-12-15,0022401218,MIN,SAS,True
2024-12-15,0022401219,POR,PHX,True
2024-12-15,0022401228,DAL,GSW,False
2024-12-15,0022401220,MEM,LAL,True
2024-12-16,0022401221,MIA,DET,True
2024-12-16,0022401222,PHI,CHA,False
2024-12-16,0022401223,CHI,TOR,False
2024-12-16,0022401224,CLE,BKN,False
2024-12-16,0022401225,DEN,SAC,False
2024-12-16,0022401226,UTA,LAC,True
2024-12-17,0062400001,MIL,OKC,False
2024-12-19,0022400360,UTA,DET,False
2024-12-19,0022400361,OKC,ORL,True
2024-12-19,0022400362,CHA,WAS,True
2024-12-19,0022400363,CHI,BOS,False
2024-12-19,0022400364,BKN,TOR,True
2024-12-19,0022400365,NOP,HOU,True
2024-12-19,0022400366,GSW,MEM,False
2024-12-19,0022400370,ATL,SAS,True
2024-12-19,0022400368,LAC,DAL,True
2024-12-19,0022400369,IND,PHX,False
2024-12-19,0022400367,NYK,MIN,False
2024-12-19,0022400371,DEN,POR,True
2024-12-19,0022400372,LAL,SAC,False
2024-12-20,0022400373,CHA,PHI,False
2024-12-20,0022400374,MIL,CLE,True
2024-12-20,0022400375,OKC,MIA,True
2024-12-21,0022400376,LAL,SAC,False
2024-12-21,0022400377,MIA,ORL,False
2024-12-21,0022400378,MEM,ATL,False
2024-12-21,0022400379,UTA,BKN,False
2024-12-21,0022400380,PHI,CLE,False
2024-12-21,0022400381,BOS,CHI,False
2024-12-21,0022400382,WAS,MIL,False
2024-12-21,0022400383,GSW,MIN,False
2024-12-21,0022400384,NYK,NOP,False
2024-12-21,0022400385,LAC,DAL,False
2024-12-21,0022400386,POR,SAS,False
2024-12-21,0022400387,DET,PHX,False
2024-12-22,0022400388,HOU,TOR
2024-12-22,0022400389,IND,SAC
2024-12-22,0022400390,DEN,NOP
2024-12-23,0022400391,HOU,CHA
2024-12-23,0022400392,UTA,CLE
2024-12-23,0022400393,BOS,ORL
2024-12-23,0022400394,SAS,PHI
2024-12-23,0022400395,MIN,ATL
2024-12-23,0022400396,BKN,MIA
2024-12-23,0022400397,TOR,NYK
2024-12-23,0022400398,MIL,CHI
2024-12-23,0022400399,LAC,MEM
2024-12-23,0022400400,WAS,OKC
2024-12-23,0022400401,POR,DAL
2024-12-23,0022400402,PHX,DEN
2024-12-23,0022400403,IND,GSW
2024-12-23,0022400404,DET,LAL
2024-12-25,0022400405,SAS,NYK
2024-12-25,0022400406,MIN,DAL
2024-12-25,0022400407,PHI,BOS
2024-12-25,0022400408,LAL,GSW
2024-12-25,0022400409,DEN,PHX
2024-12-26,0022400410,OKC,IND
2024-12-26,0022400411,MIA,ORL
2024-12-26,0022400412,CHA,WAS
2024-12-26,0022400413,CHI,ATL
2024-12-26,0022400414,TOR,MEM
2024-12-26,0022400415,BKN,MIL
2024-12-26,0022400416,HOU,NOP
2024-12-26,0022400417,UTA,POR
2024-12-26,0022400418,DET,SAC
2024-12-27,0022400419,NYK,ORL
2024-12-27,0022400420,IND,BOS
2024-12-27,0022400421,SAS,BKN
2024-12-27,0022400422,MIN,HOU
2024-12-27,0022400423,MEM,NOP
2024-12-27,0022400424,CLE,DEN
2024-12-27,0022400425,DAL,PHX
2024-12-27,0022400426,GSW,LAC
2024-12-28,0022400427,MIA,ATL
2024-12-28,0022400428,OKC,CHA
2024-12-28,0022400429,NYK,WAS
2024-12-28,0022400430,MIL,CHI
2024-12-28,0022400431,PHX,GSW
2024-12-28,0022400432,DET,DEN
2024-12-28,0022400433,PHI,UTA
2024-12-28,0022400434,DAL,POR
2024-12-28,0022400435,SAC,LAL
2024-12-29,0022400436,BKN,ORL
2024-12-29,0022400437,IND,BOS
2024-12-29,0022400438,ATL,TOR
2024-12-29,0022400439,MIA,HOU
2024-12-29,0022400440,MEM,OKC
2024-12-29,0022400441,SAS,MIN
2024-12-30,0022400442,CHI,CHA
2024-12-30,0022400443,NYK,WAS
2024-12-30,0022400444,LAC,NOP
2024-12-30,0022400445,DEN,UTA
2024-12-30,0022400446,CLE,GSW
2024-12-30,0022400447,PHI,POR
2024-12-30,0022400448,DAL,SAC
2024-12-31,0022400449,TOR,BOS
2024-12-31,0022400450,MIL,IND
2024-12-31,0022400451,LAC,SAS
2024-12-31,0022400452,MIN,OKC
2024-12-31,0022400453,MEM,PHX
2024-12-31,0022400454,CLE,LAL